구명,연도,업종,평균_당월매출,연령대_20_매출,연령대_30_매출,연령대_40_매출,연령대_50_매출,주말_매출_비율,폐업률,총_유동인구,유동인구_20대,유동인구_30대,유동인구_40대,유동인구_50대,출근시간_유동인구_06_11,점심시간_유동인구_11_14,저녁시간_유동인구_17_21,평균_승차,평균_하차,총_직장인구,직장인구_20대,직장인구_30대,직장인구_40대,직장인구_50대
강남구,2019,분식전문점,653384052.1017964,127938597.93413174,144839541.44311377,142787222.50898203,81959647.73652695,0.2211,7.82,928198.9296116505,184485.3713592233,219326.47572815535,170824.6359223301,109888.74757281554,186583.43689320388,149304.4708737864,172608.45388349515,604128.4583333334,630089.9036458334,937043.0,186311.0,286727.0,238932.0,155251.0
강남구,2019,양식음식점,1366631257.972067,268871371.452514,321127024.0223464,225084923.9273743,142567603.62569833,0.2955,9.9,928198.9296116505,184485.3713592233,219326.47572815535,170824.6359223301,109888.74757281554,186583.43689320388,149304.4708737864,172608.45388349515,604128.4583333334,630089.9036458334,937043.0,186311.0,286727.0,238932.0,155251.0
강남구,2019,일식음식점,967583811.2388889,177414935.51666668,207630069.08333334,139752403.96666667,84134036.20555556,0.1966,10.23,928198.9296116505,184485.3713592233,219326.47572815535,170824.6359223301,109888.74757281554,186583.43689320388,149304.4708737864,172608.45388349515,604128.4583333334,630089.9036458334,937043.0,186311.0,286727.0,238932.0,155251.0
강남구,2019,중식음식점,901719166.112782,113601579.21804512,171520947.10526314,141938337.31578946,97959746.60150376,0.2374,5.97,928198.9296116505,184485.3713592233,219326.47572815535,170824.6359223301,109888.74757281554,186583.43689320388,149304.4708737864,172608.45388349515,604128.4583333334,630089.9036458334,937043.0,186311.0,286727.0,238932.0,155251.0
강남구,2019,치킨전문점,296685930.88461536,47133719.93076923,60612161.99230769,68820869.93846154,42961517.276923075,0.2288,12.26,928198.9296116505,184485.3713592233,219326.47572815535,170824.6359223301,109888.74757281554,186583.43689320388,149304.4708737864,172608.45388349515,604128.4583333334,630089.9036458334,937043.0,186311.0,286727.0,238932.0,155251.0
강남구,2019,커피-음료,1190167037.6791046,318889459.6791045,319117490.55597013,192824916.2947761,104676171.98134328,0.221,21.1,928198.9296116505,184485.3713592233,219326.47572815535,170824.6359223301,109888.74757281554,186583.43689320388,149304.4708737864,172608.45388349515,604128.4583333334,630089.9036458334,937043.0,186311.0,286727.0,238932.0,155251.0
강남구,2019,한식음식점,3857040332.7516556,484200995.205298,751270237.7284768,649497806.5298014,433967639.89735097,0.1989,8.51,928198.9296116505,184485.3713592233,219326.47572815535,170824.6359223301,109888.74757281554,186583.43689320388,149304.4708737864,172608.45388349515,604128.4583333334,630089.9036458334,937043.0,186311.0,286727.0,238932.0,155251.0
강남구,2020,분식전문점,605114450.6497176,110132734.4180791,126195762.76836158,130382799.41242938,85094426.64971751,0.198,8.0,916064.0509708738,178571.65533980582,215503.68932038834,175009.48786407767,110989.19902912622,187169.24514563108,147216.85194174756,167626.73058252427,459797.296875,479109.9609375,941486.75,187173.5,288050.25,240040.25,156059.25
강남구,2020,양식음식점,1224923974.3172042,252883518.13978493,301829428.4408602,180777911.46774194,123521285.05913979,0.278,10.55,916064.0509708738,178571.65533980582,215503.68932038834,175009.48786407767,110989.19902912622,187169.24514563108,147216.85194174756,167626.73058252427,459797.296875,479109.9609375,941486.75,187173.5,288050.25,240040.25,156059.25
강남구,2020,일식음식점,992047533.25,191985961.07222223,226079190.74444443,134753154.18888888,87595728.27777778,0.1947,9.84,916064.0509708738,178571.65533980582,215503.68932038834,175009.48786407767,110989.19902912622,187169.24514563108,147216.85194174756,167626.73058252427,459797.296875,479109.9609375,941486.75,187173.5,288050.25,240040.25,156059.25
강남구,2020,중식음식점,846550310.3714286,114396414.9,158637447.45714286,130379901.38571429,95086775.48571429,0.2311,9.2,916064.0509708738,178571.65533980582,215503.68932038834,175009.48786407767,110989.19902912622,187169.24514563108,147216.85194174756,167626.73058252427,459797.296875,479109.9609375,941486.75,187173.5,288050.25,240040.25,156059.25
강남구,2020,치킨전문점,262566108.62237763,39896717.66433566,52002494.055944055,60025962.96503496,44571364.55244755,0.2316,8.78,916064.0509708738,178571.65533980582,215503.68932038834,175009.48786407767,110989.19902912622,187169.24514563108,147216.85194174756,167626.73058252427,459797.296875,479109.9609375,941486.75,187173.5,288050.25,240040.25,156059.25
강남구,2020,커피-음료,1037797139.9407666,277801002.73519164,276491061.17770034,168696967.14285713,99309669.83972125,0.204,16.52,916064.0509708738,178571.65533980582,215503.68932038834,175009.48786407767,110989.19902912622,187169.24514563108,147216.85194174756,167626.73058252427,459797.296875,479109.9609375,941486.75,187173.5,288050.25,240040.25,156059.25
강남구,2020,한식음식점,3615924429.822951,480357659.4491803,716816292.1180328,586226812.7278688,429521262.7704918,0.1894,9.92,916064.0509708738,178571.65533980582,215503.68932038834,175009.48786407767,110989.19902912622,187169.24514563108,147216.85194174756,167626.73058252427,459797.296875,479109.9609375,941486.75,187173.5,288050.25,240040.25,156059.25
강남구,2021,분식전문점,613852098.8743719,100575633.73366834,123129487.09045227,133082911.75879396,95574201.55276382,0.2038,9.42,871905.3883495146,163603.48786407767,204539.68689320388,171517.21601941748,108914.7281553398,179233.0776699029,142024.79126213593,160101.4733009709,465546.4505208333,479444.1744791667,956383.5,190085.0,292723.25,243863.0,158614.25
강남구,2021,양식음식점,1653847775.030928,371070772.3402062,426885802.92783505,233780541.83505154,160096456.371134,0.3004,8.37,871905.3883495146,163603.48786407767,204539.68689320388,171517.21601941748,108914.7281553398,179233.0776699029,142024.79126213593,160101.4733009709,465546.4505208333,479444.1744791667,956383.5,190085.0,292723.25,243863.0,158614.25
강남구,2021,일식음식점,1162269923.6700509,216035801.9035533,256301883.52284265,157774835.3248731,105349062.81218274,0.1875,8.58,871905.3883495146,163603.48786407767,204539.68689320388,171517.21601941748,108914.7281553398,179233.0776699029,142024.79126213593,160101.4733009709,465546.4505208333,479444.1744791667,956383.5,190085.0,292723.25,243863.0,158614.25
강남구,2021,중식음식점,1126570806.7534246,172375147.6438356,224247627.2260274,176063673.88356164,131845210.97945206,0.2362,9.11,871905.3883495146,163603.48786407767,204539.68689320388,171517.21601941748,108914.7281553398,179233.0776699029,142024.79126213593,160101.4733009709,465546.4505208333,479444.1744791667,956383.5,190085.0,292723.25,243863.0,158614.25
강남구,2021,치킨전문점,260641822.2165605,34597772.63057325,49046340.19745223,56407470.82165605,46266060.9044586,0.2036,12.26,871905.3883495146,163603.48786407767,204539.68689320388,171517.21601941748,108914.7281553398,179233.0776699029,142024.79126213593,160101.4733009709,465546.4505208333,479444.1744791667,956383.5,190085.0,292723.25,243863.0,158614.25
강남구,2021,커피-음료,1208703291.6333334,295313001.81333333,321596633.54,202014866.44666666,118146286.37666667,0.2022,13.01,871905.3883495146,163603.48786407767,204539.68689320388,171517.21601941748,108914.7281553398,179233.0776699029,142024.79126213593,160101.4733009709,465546.4505208333,479444.1744791667,956383.5,190085.0,292723.25,243863.0,158614.25
강남구,2021,한식음식점,4240755740.105431,525062501.85942495,809087669.4153354,675145454.7348243,526771281.79552716,0.1831,9.86,871905.3883495146,163603.48786407767,204539.68689320388,171517.21601941748,108914.7281553398,179233.0776699029,142024.79126213593,160101.4733009709,465546.4505208333,479444.1744791667,956383.5,190085.0,292723.25,243863.0,158614.25
강남구,2022,분식전문점,706743978.6479592,108420442.30102041,146561407.80612245,153242765.62755102,115127812.90816326,0.2158,10.21,893557.6310679612,168685.7645631068,209469.61893203884,177922.82524271845,112186.81796116506,183077.37378640776,146901.28640776698,165668.31553398058,514362.3723958333,531397.5677083334,935745.25,186188.0,286969.75,238845.5,154821.25
강남구,2022,양식음식점,2004309613.0765307,383877566.2908163,533280232.7602041,298894982.3367347,201558443.82142857,0.3057,9.38,893557.6310679612,168685.7645631068,209469.61893203884,177922.82524271845,112186.81796116506,183077.37378640776,146901.28640776698,165668.31553398058,514362.3723958333,531397.5677083334,935745.25,186188.0,286969.75,238845.5,154821.25
강남구,2022,일식음식점,1385605651.7539268,243796929.4816754,329382741.39790577,187208409.27748692,122161028.41884817,0.204,8.33,893557.6310679612,168685.7645631068,209469.61893203884,177922.82524271845,112186.81796116506,183077.37378640776,146901.28640776698,165668.31553398058,514362.3723958333,531397.5677083334,935745.25,186188.0,286969.75,238845.5,154821.25
강남구,2022,중식음식점,1415987210.4966888,201394907.7615894,286422945.45033115,215867259.9205298,164440561.4370861,0.2441,8.73,893557.6310679612,168685.7645631068,209469.61893203884,177922.82524271845,112186.81796116506,183077.37378640776,146901.28640776698,165668.31553398058,514362.3723958333,531397.5677083334,935745.25,186188.0,286969.75,238845.5,154821.25
강남구,2022,치킨전문점,331099921.3896104,38468853.396103896,66898994.85714286,71110819.62337662,53983712.03246753,0.1983,13.31,893557.6310679612,168685.7645631068,209469.61893203884,177922.82524271845,112186.81796116506,183077.37378640776,146901.28640776698,165668.31553398058,514362.3723958333,531397.5677083334,935745.25,186188.0,286969.75,238845.5,154821.25
강남구,2022,커피-음료,1372506477.0884354,295043982.81292516,371803000.76870745,233971490.74829933,142848418.4659864,0.202,15.91,893557.6310679612,168685.7645631068,209469.61893203884,177922.82524271845,112186.81796116506,183077.37378640776,146901.28640776698,165668.31553398058,514362.3723958333,531397.5677083334,935745.25,186188.0,286969.75,238845.5,154821.25
강남구,2022,한식음식점,5383904906.485531,621761588.0900321,1054280965.7009647,838402901.6688102,635659405.6688102,0.1889,8.88,893557.6310679612,168685.7645631068,209469.61893203884,177922.82524271845,112186.81796116506,183077.37378640776,146901.28640776698,165668.31553398058,514362.3723958333,531397.5677083334,935745.25,186188.0,286969.75,238845.5,154821.25
강남구,2023,분식전문점,743017649.90625,96479767.14583333,148861937.203125,172104466.68229166,129368648.73958333,0.2245,9.95,897189.3592233009,165887.33980582524,208917.16990291263,181297.76699029127,114841.78883495145,184178.61893203884,149143.2766990291,166236.14077669903,555905.5286458334,571618.0911458334,897607.0,179141.25,275323.75,229296.0,148391.25
강남구,2023,양식음식점,2004879806.135,305898101.725,519349102.765,324290422.35,220146463.99,0.2922,9.21,897189.3592233009,165887.33980582524,208917.16990291263,181297.76699029127,114841.78883495145,184178.61893203884,149143.2766990291,166236.14077669903,555905.5286458334,571618.0911458334,897607.0,179141.25,275323.75,229296.0,148391.25
강남구,2023,일식음식점,1351963890.3403141,206389756.94240838,329978745.12565446,193260129.43979058,125354076.04188481,0.2006,8.75,897189.3592233009,165887.33980582524,208917.16990291263,181297.76699029127,114841.78883495145,184178.61893203884,149143.2766990291,166236.14077669903,555905.5286458334,571618.0911458334,897607.0,179141.25,275323.75,229296.0,148391.25
강남구,2023,중식음식점,1381140742.1447368,188453295.0723684,285722393.8486842,228142877.03947368,168056996.15131578,0.2415,8.05,897189.3592233009,165887.33980582524,208917.16990291263,181297.76699029127,114841.78883495145,184178.61893203884,149143.2766990291,166236.14077669903,555905.5286458334,571618.0911458334,897607.0,179141.25,275323.75,229296.0,148391.25
강남구,2023,치킨전문점,350247457.05921054,35364670.75,69036577.56578948,74199131.88815789,58506107.28289474,0.1905,10.5,897189.3592233009,165887.33980582524,208917.16990291263,181297.76699029127,114841.78883495145,184178.61893203884,149143.2766990291,166236.14077669903,555905.5286458334,571618.0911458334,897607.0,179141.25,275323.75,229296.0,148391.25
강남구,2023,커피-음료,1464135137.899654,272011148.9688581,405019464.0865052,258337895.83737025,162414330.16608995,0.2028,17.37,897189.3592233009,165887.33980582524,208917.16990291263,181297.76699029127,114841.78883495145,184178.61893203884,149143.2766990291,166236.14077669903,555905.5286458334,571618.0911458334,897607.0,179141.25,275323.75,229296.0,148391.25
강남구,2023,한식음식점,5666122124.280757,568282105.8895899,1095541763.1861198,893341419.2239747,694419081.5741324,0.1908,10.7,897189.3592233009,165887.33980582524,208917.16990291263,181297.76699029127,114841.78883495145,184178.61893203884,149143.2766990291,166236.14077669903,555905.5286458334,571618.0911458334,897607.0,179141.25,275323.75,229296.0,148391.25
강남구,2024,분식전문점,701512153.7513227,80575785.33862434,141543988.04232803,160529482.989418,125598925.21164021,0.2158,8.84,885338.501216545,157791.84671532846,201251.52554744526,182337.14841849147,116560.88564476886,182767.40632603408,146638.9878345499,162599.95133819952,566078.0286458334,582845.9609375,1028384.75,205084.5,315722.75,263237.75,170117.25
강남구,2024,양식음식점,1849868723.030303,231023736.9949495,462055501.64646465,313790750.7626263,205874516.47474748,0.2826,9.58,885338.501216545,157791.84671532846,201251.52554744526,182337.14841849147,116560.88564476886,182767.40632603408,146638.9878345499,162599.95133819952,566078.0286458334,582845.9609375,1028384.75,205084.5,315722.75,263237.75,170117.25
강남구,2024,일식음식점,1183600142.4948454,149835100.6443299,284470303.4845361,172973815.06185567,118164433.19072165,0.1907,9.68,885338.501216545,157791.84671532846,201251.52554744526,182337.14841849147,116560.88564476886,182767.40632603408,146638.9878345499,162599.95133819952,566078.0286458334,582845.9609375,1028384.75,205084.5,315722.75,263237.75,170117.25
강남구,2024,중식음식점,1289653480.0191083,170519288.1210191,272161681.6942675,209910220.62420383,161251893.3821656,0.2464,12.26,885338.501216545,157791.84671532846,201251.52554744526,182337.14841849147,116560.88564476886,182767.40632603408,146638.9878345499,162599.95133819952,566078.0286458334,582845.9609375,1028384.75,205084.5,315722.75,263237.75,170117.25
강남구,2024,치킨전문점,341206045.2237762,30899601.90909091,68109576.95804195,70035795.35664336,58483153.0,0.1883,13.58,885338.501216545,157791.84671532846,201251.52554744526,182337.14841849147,116560.88564476886,182767.40632603408,146638.9878345499,162599.95133819952,566078.0286458334,582845.9609375,1028384.75,205084.5,315722.75,263237.75,170117.25
강남구,2024,커피-음료,1370209213.2,218554540.67,375004322.00666666,249898154.17,163048830.00666666,0.2053,17.92,885338.501216545,157791.84671532846,201251.52554744526,182337.14841849147,116560.88564476886,182767.40632603408,146638.9878345499,162599.95133819952,566078.0286458334,582845.9609375,1028384.75,205084.5,315722.75,263237.75,170117.25
강남구,2024,한식음식점,5562520562.8558,479147087.81191224,1063422604.7931035,873218183.8495297,702422236.9090909,0.1925,9.68,885338.501216545,157791.84671532846,201251.52554744526,182337.14841849147,116560.88564476886,182767.40632603408,146638.9878345499,162599.95133819952,566078.0286458334,582845.9609375,1028384.75,205084.5,315722.75,263237.75,170117.25
강동구,2019,분식전문점,427667872.70873785,79672451.83495146,88254468.17475729,123668621.7961165,73757286.36893204,0.3273,9.88,1232155.4375,151665.92916666667,187881.47083333333,191487.3625,194512.7875,253539.40833333333,140516.2125,199831.24583333332,361394.24358974356,351747.108974359,51867.0,6703.0,11099.0,11909.0,12180.0
강동구,2019,양식음식점,668491886.75,228027192.03125,147784029.03125,143868561.03125,75890520.90625,0.371,11.9,1232155.4375,151665.92916666667,187881.47083333333,191487.3625,194512.7875,253539.40833333333,140516.2125,199831.24583333332,361394.24358974356,351747.108974359,51867.0,6703.0,11099.0,11909.0,12180.0
강동구,2019,일식음식점,230004365.02173913,61207245.36956522,46358431.06521739,47978287.0,35146476.86956522,0.3148,7.59,1232155.4375,151665.92916666667,187881.47083333333,191487.3625,194512.7875,253539.40833333333,140516.2125,199831.24583333332,361394.24358974356,351747.108974359,51867.0,6703.0,11099.0,11909.0,12180.0
강동구,2019,중식음식점,171630066.140625,28216003.0625,45125954.828125,41755850.46875,25623844.53125,0.3504,6.94,1232155.4375,151665.92916666667,187881.47083333333,191487.3625,194512.7875,253539.40833333333,140516.2125,199831.24583333332,361394.24358974356,351747.108974359,51867.0,6703.0,11099.0,11909.0,12180.0
강동구,2019,치킨전문점,110593588.09375,22873668.520833332,22908781.125,31979993.395833332,21312822.729166668,0.3378,8.61,1232155.4375,151665.92916666667,187881.47083333333,191487.3625,194512.7875,253539.40833333333,140516.2125,199831.24583333332,361394.24358974356,351747.108974359,51867.0,6703.0,11099.0,11909.0,12180.0
강동구,2019,커피-음료,145651931.5398773,39766941.95092025,36906880.503067486,30546839.37423313,19357791.90184049,0.3316,9.69,1232155.4375,151665.92916666667,187881.47083333333,191487.3625,194512.7875,253539.40833333333,140516.2125,199831.24583333332,361394.24358974356,351747.108974359,51867.0,6703.0,11099.0,11909.0,12180.0
강동구,2019,한식음식점,1409126624.074074,190864153.4537037,266992356.9675926,317742284.5277778,299311567.1990741,0.3233,9.29,1232155.4375,151665.92916666667,187881.47083333333,191487.3625,194512.7875,253539.40833333333,140516.2125,199831.24583333332,361394.24358974356,351747.108974359,51867.0,6703.0,11099.0,11909.0,12180.0
강동구,2020,분식전문점,417305937.29126215,77341259.74757281,81768119.7184466,118375074.00970873,77028072.02912621,0.3144,8.57,1186541.3791666667,151780.48333333334,184422.19166666668,185920.72916666666,183860.67916666667,243544.83333333334,138376.39583333334,195392.29583333334,290597.891025641,282777.17307692306,51800.75,6690.0,11093.0,11899.25,12173.5
강동구,2020,양식음식점,633265691.054054,215742187.97297296,138339586.5135135,126179387.16216215,79556681.08108108,0.3546,6.34,1186541.3791666667,151780.48333333334,184422.19166666668,185920.72916666666,183860.67916666667,243544.83333333334,138376.39583333334,195392.29583333334,290597.891025641,282777.17307692306,51800.75,6690.0,11093.0,11899.25,12173.5
강동구,2020,일식음식점,279750575.67346936,68909913.36734694,60419079.81632653,53595363.10204082,45887120.63265306,0.297,6.63,1186541.3791666667,151780.48333333334,184422.19166666668,185920.72916666666,183860.67916666667,243544.83333333334,138376.39583333334,195392.29583333334,290597.891025641,282777.17307692306,51800.75,6690.0,11093.0,11899.25,12173.5
강동구,2020,중식음식점,179425843.71830985,29111439.57746479,44283557.704225354,42105799.33802817,30100915.61971831,0.3279,8.33,1186541.3791666667,151780.48333333334,184422.19166666668,185920.72916666666,183860.67916666667,243544.83333333334,138376.39583333334,195392.29583333334,290597.891025641,282777.17307692306,51800.75,6690.0,11093.0,11899.25,12173.5
강동구,2020,치킨전문점,114883482.73737374,20389644.525252525,23217903.12121212,31547819.373737372,25050403.08080808,0.3205,7.84,1186541.3791666667,151780.48333333334,184422.19166666668,185920.72916666666,183860.67916666667,243544.83333333334,138376.39583333334,195392.29583333334,290597.891025641,282777.17307692306,51800.75,6690.0,11093.0,11899.25,12173.5
강동구,2020,커피-음료,146535242.3473054,41987577.28742515,36306951.08383234,28796113.185628742,19410335.736526947,0.305,11.38,1186541.3791666667,151780.48333333334,184422.19166666668,185920.72916666666,183860.67916666667,243544.83333333334,138376.39583333334,195392.29583333334,290597.891025641,282777.17307692306,51800.75,6690.0,11093.0,11899.25,12173.5
강동구,2020,한식음식점,1401960503.0651162,192339559.40465117,257979749.0372093,296244764.0883721,306649474.6976744,0.3103,8.12,1186541.3791666667,151780.48333333334,184422.19166666668,185920.72916666666,183860.67916666667,243544.83333333334,138376.39583333334,195392.29583333334,290597.891025641,282777.17307692306,51800.75,6690.0,11093.0,11899.25,12173.5
강동구,2021,분식전문점,411383544.4728682,69870437.58139534,78569637.8992248,114052244.6124031,79690100.50387597,0.3108,11.02,1151765.4125,147547.07916666666,182329.58333333334,182869.825,178548.61666666667,236063.7375,133603.5125,189601.70416666666,280671.4518072289,275451.4939759036,50997.0,6552.5,10948.0,11763.75,11992.75
강동구,2021,양식음식점,324859111.60784316,102674869.94117647,62813901.803921565,66757279.431372546,49666864.49019608,0.3584,11.43,1151765.4125,147547.07916666666,182329.58333333334,182869.825,178548.61666666667,236063.7375,133603.5125,189601.70416666666,280671.4518072289,275451.4939759036,50997.0,6552.5,10948.0,11763.75,11992.75
강동구,2021,일식음식점,351393151.53571427,74994943.67857143,78852792.69642857,65589798.071428575,55885129.33928572,0.2835,7.32,1151765.4125,147547.07916666666,182329.58333333334,182869.825,178548.61666666667,236063.7375,133603.5125,189601.70416666666,280671.4518072289,275451.4939759036,50997.0,6552.5,10948.0,11763.75,11992.75
강동구,2021,중식음식점,184571790.2317073,27282894.231707316,40072903.40243903,42334387.80487805,33953907.646341465,0.3396,6.17,1151765.4125,147547.07916666666,182329.58333333334,182869.825,178548.61666666667,236063.7375,133603.5125,189601.70416666666,280671.4518072289,275451.4939759036,50997.0,6552.5,10948.0,11763.75,11992.75
강동구,2021,치킨전문점,123483569.10743801,16152932.20661157,21432453.371900827,32519523.652892563,31485108.049586777,0.3186,9.7,1151765.4125,147547.07916666666,182329.58333333334,182869.825,178548.61666666667,236063.7375,133603.5125,189601.70416666666,280671.4518072289,275451.4939759036,50997.0,6552.5,10948.0,11763.75,11992.75
강동구,2021,커피-음료,222518795.74566475,55854247.54913295,54813269.751445085,44215379.80924855,32345489.34682081,0.314,10.53,1151765.4125,147547.07916666666,182329.58333333334,182869.825,178548.61666666667,236063.7375,133603.5125,189601.70416666666,280671.4518072289,275451.4939759036,50997.0,6552.5,10948.0,11763.75,11992.75
강동구,2021,한식음식점,1525765907.2694063,171830400.52968037,254556905.0365297,312470906.10502285,345101160.6940639,0.3017,9.27,1151765.4125,147547.07916666666,182329.58333333334,182869.825,178548.61666666667,236063.7375,133603.5125,189601.70416666666,280671.4518072289,275451.4939759036,50997.0,6552.5,10948.0,11763.75,11992.75
강동구,2022,분식전문점,429189906.4285714,67803947.32330827,80442810.22556391,123821622.69172932,82157369.63157895,0.3254,12.98,1134778.675,142492.21666666667,179990.00833333333,181235.25833333333,175907.5625,232664.75833333333,130802.82083333333,185828.0375,302482.27976190473,296852.42261904763,49302.5,6263.5,10585.0,11469.75,11561.75
강동구,2022,양식음식점,451711042.2083333,106420727.95833333,97317394.33333333,104818422.3125,73830010.89583333,0.3778,10.27,1134778.675,142492.21666666667,179990.00833333333,181235.25833333333,175907.5625,232664.75833333333,130802.82083333333,185828.0375,302482.27976190473,296852.42261904763,49302.5,6263.5,10585.0,11469.75,11561.75
강동구,2022,일식음식점,367135453.779661,78526111.6440678,88179439.18644068,69913074.83050847,57596356.55932204,0.3067,16.36,1134778.675,142492.21666666667,179990.00833333333,181235.25833333333,175907.5625,232664.75833333333,130802.82083333333,185828.0375,302482.27976190473,296852.42261904763,49302.5,6263.5,10585.0,11469.75,11561.75
강동구,2022,중식음식점,223926491.7948718,35651382.038461536,51704142.84615385,48459941.602564104,39140418.256410256,0.3389,10.12,1134778.675,142492.21666666667,179990.00833333333,181235.25833333333,175907.5625,232664.75833333333,130802.82083333333,185828.0375,302482.27976190473,296852.42261904763,49302.5,6263.5,10585.0,11469.75,11561.75
강동구,2022,치킨전문점,130146778.76033057,15141095.842975207,23036057.818181816,34903135.84297521,31729121.537190083,0.3327,10.17,1134778.675,142492.21666666667,179990.00833333333,181235.25833333333,175907.5625,232664.75833333333,130802.82083333333,185828.0375,302482.27976190473,296852.42261904763,49302.5,6263.5,10585.0,11469.75,11561.75
강동구,2022,커피-음료,234308056.39459458,49227883.03783784,58132292.93513513,49142247.043243244,37479799.605405405,0.3313,11.64,1134778.675,142492.21666666667,179990.00833333333,181235.25833333333,175907.5625,232664.75833333333,130802.82083333333,185828.0375,302482.27976190473,296852.42261904763,49302.5,6263.5,10585.0,11469.75,11561.75
강동구,2022,한식음식점,1740835444.424107,175989332.9732143,306250575.79910713,351799850.2410714,386390272.00446427,0.3175,12.2,1134778.675,142492.21666666667,179990.00833333333,181235.25833333333,175907.5625,232664.75833333333,130802.82083333333,185828.0375,302482.27976190473,296852.42261904763,49302.5,6263.5,10585.0,11469.75,11561.75
강동구,2023,분식전문점,533266705.06153846,68703780.94615385,99849547.53846154,169249921.43846154,106591695.12307692,0.3371,13.69,1114208.1083333334,138985.22916666666,175907.4625,180221.5125,171750.84583333333,228483.42916666667,129008.39166666666,183205.30416666667,327196.63095238095,320631.65476190473,49476.0,6207.0,10566.25,11531.75,11689.5
강동구,2023,양식음식점,463624701.86538464,89202673.28846154,100978106.98076923,111984674.88461539,90013904.98076923,0.3886,16.92,1114208.1083333334,138985.22916666666,175907.4625,180221.5125,171750.84583333333,228483.42916666667,129008.39166666666,183205.30416666667,327196.63095238095,320631.65476190473,49476.0,6207.0,10566.25,11531.75,11689.5
강동구,2023,일식음식점,353489266.8135593,63612421.38983051,86873733.11864407,72695443.72881356,56854810.61016949,0.2984,12.44,1114208.1083333334,138985.22916666666,175907.4625,180221.5125,171750.84583333333,228483.42916666667,129008.39166666666,183205.30416666667,327196.63095238095,320631.65476190473,49476.0,6207.0,10566.25,11531.75,11689.5
강동구,2023,중식음식점,226517134.5609756,31705612.085365854,54308410.182926826,49015299.146341465,40631270.57317073,0.3389,10.0,1114208.1083333334,138985.22916666666,175907.4625,180221.5125,171750.84583333333,228483.42916666667,129008.39166666666,183205.30416666667,327196.63095238095,320631.65476190473,49476.0,6207.0,10566.25,11531.75,11689.5
강동구,2023,치킨전문점,135674455.77391306,14365475.921739131,23877817.173913043,34630688.75652174,33644994.51304348,0.3325,10.43,1114208.1083333334,138985.22916666666,175907.4625,180221.5125,171750.84583333333,228483.42916666667,129008.39166666666,183205.30416666667,327196.63095238095,320631.65476190473,49476.0,6207.0,10566.25,11531.75,11689.5
강동구,2023,커피-음료,259527628.81632653,47025432.69387755,64692890.678571425,57704272.30612245,42793063.33163265,0.3351,16.03,1114208.1083333334,138985.22916666666,175907.4625,180221.5125,171750.84583333333,228483.42916666667,129008.39166666666,183205.30416666667,327196.63095238095,320631.65476190473,49476.0,6207.0,10566.25,11531.75,11689.5
강동구,2023,한식음식점,1934245651.0223215,171471345.36607143,338788975.06696427,390203525.1875,430270330.8214286,0.3179,11.06,1114208.1083333334,138985.22916666666,175907.4625,180221.5125,171750.84583333333,228483.42916666667,129008.39166666666,183205.30416666667,327196.63095238095,320631.65476190473,49476.0,6207.0,10566.25,11531.75,11689.5
강동구,2024,분식전문점,502578112.8636364,54198700.265151516,91647430.08333333,157261513.59848484,107032316.93939394,0.3257,11.78,1123824.4958333333,139711.425,176987.61666666667,182478.38333333333,173851.10833333334,231673.77916666667,130544.5375,184054.4125,334684.78034682083,327487.65895953757,49572.5,6082.75,10537.5,11631.25,11742.25
강동구,2024,양식음식점,423700850.4166667,77421446.54166667,101315814.70833333,97121429.35416667,81502008.16666667,0.358,10.05,1123824.4958333333,139711.425,176987.61666666667,182478.38333333333,173851.10833333334,231673.77916666667,130544.5375,184054.4125,334684.78034682083,327487.65895953757,49572.5,6082.75,10537.5,11631.25,11742.25
강동구,2024,일식음식점,419998887.4237288,63453996.576271184,101026753.0677966,90514329.45762712,72219665.71186441,0.3348,13.88,1123824.4958333333,139711.425,176987.61666666667,182478.38333333333,173851.10833333334,231673.77916666667,130544.5375,184054.4125,334684.78034682083,327487.65895953757,49572.5,6082.75,10537.5,11631.25,11742.25
강동구,2024,중식음식점,207782049.1511628,26420218.755813953,50291161.5,46022537.70930233,38166603.197674416,0.3373,14.46,1123824.4958333333,139711.425,176987.61666666667,182478.38333333333,173851.10833333334,231673.77916666667,130544.5375,184054.4125,334684.78034682083,327487.65895953757,49572.5,6082.75,10537.5,11631.25,11742.25
강동구,2024,치킨전문점,126141511.01869158,12106636.514018692,23041279.542056076,29846440.607476637,30729897.495327104,0.3215,8.74,1123824.4958333333,139711.425,176987.61666666667,182478.38333333333,173851.10833333334,231673.77916666667,130544.5375,184054.4125,334684.78034682083,327487.65895953757,49572.5,6082.75,10537.5,11631.25,11742.25
강동구,2024,커피-음료,276916868.4791667,42213345.239583336,69502042.58854167,61356666.864583336,49195949.458333336,0.3383,12.22,1123824.4958333333,139711.425,176987.61666666667,182478.38333333333,173851.10833333334,231673.77916666667,130544.5375,184054.4125,334684.78034682083,327487.65895953757,49572.5,6082.75,10537.5,11631.25,11742.25
강동구,2024,한식음식점,2025931635.3628318,164177861.46460176,354477648.3097345,399589538.7300885,444665150.5176991,0.3156,9.73,1123824.4958333333,139711.425,176987.61666666667,182478.38333333333,173851.10833333334,231673.77916666667,130544.5375,184054.4125,334684.78034682083,327487.65895953757,49572.5,6082.75,10537.5,11631.25,11742.25
강북구,2019,분식전문점,131030110.02222222,36334270.92222222,28548669.31111111,31052425.555555556,17961825.833333332,0.3149,4.17,934331.0793650794,136460.32539682538,122096.0,137150.0992063492,148504.65476190476,189743.33333333334,106549.42857142857,155162.97222222222,310142.6060606061,300197.2196969697,17334.0,1623.0,3081.0,4129.0,4686.0
강북구,2019,양식음식점,211090170.91666666,66704835.0,48528564.166666664,46876933.666666664,25711049.083333332,0.3333,6.41,934331.0793650794,136460.32539682538,122096.0,137150.0992063492,148504.65476190476,189743.33333333334,106549.42857142857,155162.97222222222,310142.6060606061,300197.2196969697,17334.0,1623.0,3081.0,4129.0,4686.0
강북구,2019,일식음식점,502003394.875,125956290.25,118981207.375,102501501.9375,77399709.875,0.3354,12.78,934331.0793650794,136460.32539682538,122096.0,137150.0992063492,148504.65476190476,189743.33333333334,106549.42857142857,155162.97222222222,310142.6060606061,300197.2196969697,17334.0,1623.0,3081.0,4129.0,4686.0
강북구,2019,중식음식점,133953819.21428572,21175914.5,29025564.285714287,30452780.785714287,23611828.5,0.343,9.64,934331.0793650794,136460.32539682538,122096.0,137150.0992063492,148504.65476190476,189743.33333333334,106549.42857142857,155162.97222222222,310142.6060606061,300197.2196969697,17334.0,1623.0,3081.0,4129.0,4686.0
강북구,2019,치킨전문점,114737116.85245901,20303307.24590164,23739568.721311476,32824825.95081967,24415181.032786883,0.3404,8.09,934331.0793650794,136460.32539682538,122096.0,137150.0992063492,148504.65476190476,189743.33333333334,106549.42857142857,155162.97222222222,310142.6060606061,300197.2196969697,17334.0,1623.0,3081.0,4129.0,4686.0
강북구,2019,커피-음료,156213541.85074627,53189148.641791046,38402597.014925376,27989406.71641791,20676018.835820895,0.3407,8.48,934331.0793650794,136460.32539682538,122096.0,137150.0992063492,148504.65476190476,189743.33333333334,106549.42857142857,155162.97222222222,310142.6060606061,300197.2196969697,17334.0,1623.0,3081.0,4129.0,4686.0
강북구,2019,한식음식점,965426534.9675926,163580378.00462964,190066381.4537037,216897358.6898148,203588412.50925925,0.3441,6.4,934331.0793650794,136460.32539682538,122096.0,137150.0992063492,148504.65476190476,189743.33333333334,106549.42857142857,155162.97222222222,310142.6060606061,300197.2196969697,17334.0,1623.0,3081.0,4129.0,4686.0
강북구,2020,분식전문점,108123345.12745099,25908602.774509802,22086048.61764706,26510608.56862745,18352981.17647059,0.2856,7.87,945117.5436507936,140314.85714285713,123517.9007936508,138762.49603174604,151351.70238095237,192084.20634920636,109838.06746031746,157877.7341269841,238367.5606060606,231716.95454545456,17085.5,1565.75,3035.0,4080.25,4643.5
강북구,2020,양식음식점,480794655.5833333,127873047.83333333,126122948.75,114041587.25,63232356.0,0.3718,4.65,945117.5436507936,140314.85714285713,123517.9007936508,138762.49603174604,151351.70238095237,192084.20634920636,109838.06746031746,157877.7341269841,238367.5606060606,231716.95454545456,17085.5,1565.75,3035.0,4080.25,4643.5
강북구,2020,일식음식점,459497986.0,120488141.9375,109152945.125,93691253.3125,74214596.9375,0.3313,6.56,945117.5436507936,140314.85714285713,123517.9007936508,138762.49603174604,151351.70238095237,192084.20634920636,109838.06746031746,157877.7341269841,238367.5606060606,231716.95454545456,17085.5,1565.75,3035.0,4080.25,4643.5
강북구,2020,중식음식점,99452686.96969697,15922775.06060606,18393367.151515152,22453926.060606062,19175855.636363637,0.3238,7.32,945117.5436507936,140314.85714285713,123517.9007936508,138762.49603174604,151351.70238095237,192084.20634920636,109838.06746031746,157877.7341269841,238367.5606060606,231716.95454545456,17085.5,1565.75,3035.0,4080.25,4643.5
강북구,2020,치킨전문점,100257613.57534246,15136981.246575342,19358482.82191781,27894740.90410959,24091968.465753425,0.3245,6.42,945117.5436507936,140314.85714285713,123517.9007936508,138762.49603174604,151351.70238095237,192084.20634920636,109838.06746031746,157877.7341269841,238367.5606060606,231716.95454545456,17085.5,1565.75,3035.0,4080.25,4643.5
강북구,2020,커피-음료,152979990.52325583,51987776.79069767,36860696.87209302,27332316.68604651,22093124.38372093,0.3401,9.52,945117.5436507936,140314.85714285713,123517.9007936508,138762.49603174604,151351.70238095237,192084.20634920636,109838.06746031746,157877.7341269841,238367.5606060606,231716.95454545456,17085.5,1565.75,3035.0,4080.25,4643.5
강북구,2020,한식음식점,928583052.4746544,159058997.7235023,169879486.39170507,202285251.8940092,207567549.8986175,0.3331,5.46,945117.5436507936,140314.85714285713,123517.9007936508,138762.49603174604,151351.70238095237,192084.20634920636,109838.06746031746,157877.7341269841,238367.5606060606,231716.95454545456,17085.5,1565.75,3035.0,4080.25,4643.5
강북구,2021,분식전문점,116814911.1388889,21695631.296296295,21206051.657407407,28590970.166666668,25628681.26851852,0.2883,15.44,898205.7777777778,132036.2619047619,117744.37698412698,133131.3373015873,145993.99206349207,182943.62698412698,104735.85714285714,150237.35714285713,237777.7803030303,232544.62121212122,16433.25,1363.5,2881.5,3960.75,4565.0
강북구,2021,양식음식점,342407609.4166667,80842821.83333333,96170841.66666667,87505895.75,48067783.083333336,0.3936,23.76,898205.7777777778,132036.2619047619,117744.37698412698,133131.3373015873,145993.99206349207,182943.62698412698,104735.85714285714,150237.35714285713,237777.7803030303,232544.62121212122,16433.25,1363.5,2881.5,3960.75,4565.0
강북구,2021,일식음식점,585940853.9,113970730.0,116088554.9,135561213.6,114535665.55,0.3638,12.6,898205.7777777778,132036.2619047619,117744.37698412698,133131.3373015873,145993.99206349207,182943.62698412698,104735.85714285714,150237.35714285713,237777.7803030303,232544.62121212122,16433.25,1363.5,2881.5,3960.75,4565.0
강북구,2021,중식음식점,125474877.64444445,19231000.644444443,21818094.17777778,27319176.955555554,26568619.933333334,0.3339,8.14,898205.7777777778,132036.2619047619,117744.37698412698,133131.3373015873,145993.99206349207,182943.62698412698,104735.85714285714,150237.35714285713,237777.7803030303,232544.62121212122,16433.25,1363.5,2881.5,3960.75,4565.0
강북구,2021,치킨전문점,100965257.7027027,17097439.337837838,17806308.986486487,25268052.58108108,23888784.472972974,0.329,15.64,898205.7777777778,132036.2619047619,117744.37698412698,133131.3373015873,145993.99206349207,182943.62698412698,104735.85714285714,150237.35714285713,237777.7803030303,232544.62121212122,16433.25,1363.5,2881.5,3960.75,4565.0
강북구,2021,커피-음료,178124910.8429752,50885113.49586777,41247964.2892562,33663487.51239669,28048035.3553719,0.3247,14.89,898205.7777777778,132036.2619047619,117744.37698412698,133131.3373015873,145993.99206349207,182943.62698412698,104735.85714285714,150237.35714285713,237777.7803030303,232544.62121212122,16433.25,1363.5,2881.5,3960.75,4565.0
강북구,2021,한식음식점,949388698.7818182,135449719.08636364,157492313.89545456,192559161.24545455,228988554.71363637,0.3331,13.26,898205.7777777778,132036.2619047619,117744.37698412698,133131.3373015873,145993.99206349207,182943.62698412698,104735.85714285714,150237.35714285713,237777.7803030303,232544.62121212122,16433.25,1363.5,2881.5,3960.75,4565.0
강북구,2022,분식전문점,130140842.6557377,20612177.459016394,23476530.31147541,32414978.557377048,30320875.442622952,0.2874,9.62,873313.7658730159,131644.85317460317,114283.8253968254,129632.47222222222,142557.9880952381,177410.1626984127,101203.15873015873,146197.60317460317,258427.51515151514,252282.5,16380.5,1228.5,2780.75,3979.25,4643.0
강북구,2022,양식음식점,339370082.0833333,59896983.166666664,86345174.91666667,93381244.66666667,57037922.666666664,0.4155,7.14,873313.7658730159,131644.85317460317,114283.8253968254,129632.47222222222,142557.9880952381,177410.1626984127,101203.15873015873,146197.60317460317,258427.51515151514,252282.5,16380.5,1228.5,2780.75,3979.25,4643.0
강북구,2022,일식음식점,1067237761.6875,173268693.9375,205518870.5,258662721.3125,212430989.0,0.3997,10.62,873313.7658730159,131644.85317460317,114283.8253968254,129632.47222222222,142557.9880952381,177410.1626984127,101203.15873015873,146197.60317460317,258427.51515151514,252282.5,16380.5,1228.5,2780.75,3979.25,4643.0
강북구,2022,중식음식점,130033000.1590909,18075284.431818184,21771077.454545453,27845495.181818184,29814517.954545453,0.3405,5.75,873313.7658730159,131644.85317460317,114283.8253968254,129632.47222222222,142557.9880952381,177410.1626984127,101203.15873015873,146197.60317460317,258427.51515151514,252282.5,16380.5,1228.5,2780.75,3979.25,4643.0
강북구,2022,치킨전문점,97682414.2972973,15582217.797297297,18012323.054054055,23070611.135135137,24451181.324324325,0.3328,9.56,873313.7658730159,131644.85317460317,114283.8253968254,129632.47222222222,142557.9880952381,177410.1626984127,101203.15873015873,146197.60317460317,258427.51515151514,252282.5,16380.5,1228.5,2780.75,3979.25,4643.0
강북구,2022,커피-음료,174452286.6590909,44134448.28787879,41081881.303030305,33505631.053030305,28577295.21969697,0.3291,13.64,873313.7658730159,131644.85317460317,114283.8253968254,129632.47222222222,142557.9880952381,177410.1626984127,101203.15873015873,146197.60317460317,258427.51515151514,252282.5,16380.5,1228.5,2780.75,3979.25,4643.0
강북구,2022,한식음식점,1229393772.0091743,163627652.18348625,211037823.49082568,246815905.09633029,284666147.45412844,0.3463,7.06,873313.7658730159,131644.85317460317,114283.8253968254,129632.47222222222,142557.9880952381,177410.1626984127,101203.15873015873,146197.60317460317,258427.51515151514,252282.5,16380.5,1228.5,2780.75,3979.25,4643.0
강북구,2023,분식전문점,160493590.12396693,20863642.190082643,27963516.165289257,36120796.04132231,38393819.80165289,0.2678,12.76,876463.9880952381,134683.1626984127,115192.84523809524,129021.16269841269,143240.4126984127,178216.75396825396,101380.29365079365,146296.70238095237,275674.1666666667,269938.9090909091,15843.75,1124.25,2680.0,3967.0,4599.0
강북구,2023,양식음식점,377774783.6666667,51729915.25,90161942.75,103475434.83333333,63173675.916666664,0.3872,10.71,876463.9880952381,134683.1626984127,115192.84523809524,129021.16269841269,143240.4126984127,178216.75396825396,101380.29365079365,146296.70238095237,275674.1666666667,269938.9090909091,15843.75,1124.25,2680.0,3967.0,4599.0
강북구,2023,일식음식점,1133994175.5,159893831.5625,209797293.6875,263974827.3125,228332550.8125,0.3954,7.96,876463.9880952381,134683.1626984127,115192.84523809524,129021.16269841269,143240.4126984127,178216.75396825396,101380.29365079365,146296.70238095237,275674.1666666667,269938.9090909091,15843.75,1124.25,2680.0,3967.0,4599.0
강북구,2023,중식음식점,136806036.8809524,18378823.19047619,23513681.976190478,28389922.476190478,31244389.976190478,0.3254,10.34,876463.9880952381,134683.1626984127,115192.84523809524,129021.16269841269,143240.4126984127,178216.75396825396,101380.29365079365,146296.70238095237,275674.1666666667,269938.9090909091,15843.75,1124.25,2680.0,3967.0,4599.0
강북구,2023,치킨전문점,90131167.7,12960243.942857143,15057475.557142857,20969176.314285714,23304616.671428572,0.3259,10.7,876463.9880952381,134683.1626984127,115192.84523809524,129021.16269841269,143240.4126984127,178216.75396825396,101380.29365079365,146296.70238095237,275674.1666666667,269938.9090909091,15843.75,1124.25,2680.0,3967.0,4599.0
강북구,2023,커피-음료,179498951.07857144,39213841.57857143,41201142.31428572,33865900.407142855,32233118.22857143,0.3287,19.12,876463.9880952381,134683.1626984127,115192.84523809524,129021.16269841269,143240.4126984127,178216.75396825396,101380.29365079365,146296.70238095237,275674.1666666667,269938.9090909091,15843.75,1124.25,2680.0,3967.0,4599.0
강북구,2023,한식음식점,1339794489.7227273,164232813.34545454,232046356.96818182,258344496.8181818,310406483.7318182,0.3481,9.86,876463.9880952381,134683.1626984127,115192.84523809524,129021.16269841269,143240.4126984127,178216.75396825396,101380.29365079365,146296.70238095237,275674.1666666667,269938.9090909091,15843.75,1124.25,2680.0,3967.0,4599.0
강북구,2024,분식전문점,155783665.5210084,16624993.0,25555047.3697479,33111244.025210083,40989457.71428572,0.2642,10.21,844986.746031746,130473.54365079365,110975.26984126984,125245.73412698413,138939.02777777778,172336.3492063492,97642.01587301587,140337.36904761905,280064.5984848485,274183.6212121212,16604.5,1109.25,2736.75,4277.5,4922.0
강북구,2024,양식음식점,318279716.1666667,42324657.5,78527128.33333333,89953039.16666667,57455222.666666664,0.3755,12.2,844986.746031746,130473.54365079365,110975.26984126984,125245.73412698413,138939.02777777778,172336.3492063492,97642.01587301587,140337.36904761905,280064.5984848485,274183.6212121212,16604.5,1109.25,2736.75,4277.5,4922.0
강북구,2024,일식음식점,1156554507.3125,153728588.375,221209487.4375,257407468.5,251366417.75,0.3945,7.38,844986.746031746,130473.54365079365,110975.26984126984,125245.73412698413,138939.02777777778,172336.3492063492,97642.01587301587,140337.36904761905,280064.5984848485,274183.6212121212,16604.5,1109.25,2736.75,4277.5,4922.0
강북구,2024,중식음식점,134658850.41463414,16119305.951219512,21668042.658536587,28757973.243902437,31361988.48780488,0.3147,16.28,844986.746031746,130473.54365079365,110975.26984126984,125245.73412698413,138939.02777777778,172336.3492063492,97642.01587301587,140337.36904761905,280064.5984848485,274183.6212121212,16604.5,1109.25,2736.75,4277.5,4922.0
강북구,2024,치킨전문점,87267800.76119404,10362256.910447761,15118679.701492537,18553010.14925373,23875289.686567165,0.3083,9.67,844986.746031746,130473.54365079365,110975.26984126984,125245.73412698413,138939.02777777778,172336.3492063492,97642.01587301587,140337.36904761905,280064.5984848485,274183.6212121212,16604.5,1109.25,2736.75,4277.5,4922.0
강북구,2024,커피-음료,172141576.05072463,31037214.586956523,39417571.80434783,32630676.47826087,34500756.29710145,0.3161,12.65,844986.746031746,130473.54365079365,110975.26984126984,125245.73412698413,138939.02777777778,172336.3492063492,97642.01587301587,140337.36904761905,280064.5984848485,274183.6212121212,16604.5,1109.25,2736.75,4277.5,4922.0
강북구,2024,한식음식점,1361265044.3196347,145370442.69863012,240563862.65753424,255197840.84931508,322246519.15981734,0.3362,9.27,844986.746031746,130473.54365079365,110975.26984126984,125245.73412698413,138939.02777777778,172336.3492063492,97642.01587301587,140337.36904761905,280064.5984848485,274183.6212121212,16604.5,1109.25,2736.75,4277.5,4922.0
강서구,2019,분식전문점,185768990.05785123,42567912.33884297,43380567.00826446,45824424.50413223,27625319.190082643,0.3025,10.49,930861.2107142857,130197.79642857143,164173.37857142856,140935.55,130111.50357142858,192582.23571428572,106123.50357142858,151341.50714285715,351853.9196787149,335793.983935743,69500.0,9656.0,16452.0,16938.0,16289.0
강서구,2019,양식음식점,361224612.3888889,44138101.5,72004756.8888889,62132996.38888889,51999419.11111111,0.2324,11.3,930861.2107142857,130197.79642857143,164173.37857142856,140935.55,130111.50357142858,192582.23571428572,106123.50357142858,151341.50714285715,351853.9196787149,335793.983935743,69500.0,9656.0,16452.0,16938.0,16289.0
강서구,2019,일식음식점,404671320.1875,58265946.65625,88434163.5625,70915951.03125,48534136.4375,0.2446,10.26,930861.2107142857,130197.79642857143,164173.37857142856,140935.55,130111.50357142858,192582.23571428572,106123.50357142858,151341.50714285715,351853.9196787149,335793.983935743,69500.0,9656.0,16452.0,16938.0,16289.0
강서구,2019,중식음식점,145395155.5319149,31054489.19148936,42045468.06382979,31320287.0,19251507.25531915,0.332,8.17,930861.2107142857,130197.79642857143,164173.37857142856,140935.55,130111.50357142858,192582.23571428572,106123.50357142858,151341.50714285715,351853.9196787149,335793.983935743,69500.0,9656.0,16452.0,16938.0,16289.0
강서구,2019,치킨전문점,132425915.79518072,28118807.43373494,31811585.25301205,32445497.44578313,22706527.156626508,0.3176,10.58,930861.2107142857,130197.79642857143,164173.37857142856,140935.55,130111.50357142858,192582.23571428572,106123.50357142858,151341.50714285715,351853.9196787149,335793.983935743,69500.0,9656.0,16452.0,16938.0,16289.0
강서구,2019,커피-음료,137201977.8074074,41452819.25185185,37127740.674074076,23939719.48148148,13999296.977777777,0.2779,10.17,930861.2107142857,130197.79642857143,164173.37857142856,140935.55,130111.50357142858,192582.23571428572,106123.50357142858,151341.50714285715,351853.9196787149,335793.983935743,69500.0,9656.0,16452.0,16938.0,16289.0
강서구,2019,한식음식점,1285568078.7411764,162802566.3764706,256085199.1490196,257691345.47058824,208972943.74117646,0.2667,8.35,930861.2107142857,130197.79642857143,164173.37857142856,140935.55,130111.50357142858,192582.23571428572,106123.50357142858,151341.50714285715,351853.9196787149,335793.983935743,69500.0,9656.0,16452.0,16938.0,16289.0
강서구,2020,분식전문점,172946287.4609375,37658917.9296875,38839566.125,40198165.359375,29655703.15625,0.2774,7.86,943517.125,137312.21785714285,168800.25357142856,144964.675,129403.76071428572,193490.88214285715,109357.19285714286,155683.22857142857,275689.47967479675,266302.2073170732,69556.5,9641.25,16476.25,16966.75,16320.5
강서구,2020,양식음식점,281369436.35,44285277.35,63343003.1,45675679.8,32356389.15,0.2003,8.54,943517.125,137312.21785714285,168800.25357142856,144964.675,129403.76071428572,193490.88214285715,109357.19285714286,155683.22857142857,275689.47967479675,266302.2073170732,69556.5,9641.25,16476.25,16966.75,16320.5
강서구,2020,일식음식점,360089007.45454544,58996275.18181818,87375611.87878788,61210481.0,42596027.39393939,0.2579,13.1,943517.125,137312.21785714285,168800.25357142856,144964.675,129403.76071428572,193490.88214285715,109357.19285714286,155683.22857142857,275689.47967479675,266302.2073170732,69556.5,9641.25,16476.25,16966.75,16320.5
강서구,2020,중식음식점,113807715.82692307,20720361.326923076,28157911.615384616,28505366.653846152,18737130.673076924,0.3233,8.72,943517.125,137312.21785714285,168800.25357142856,144964.675,129403.76071428572,193490.88214285715,109357.19285714286,155683.22857142857,275689.47967479675,266302.2073170732,69556.5,9641.25,16476.25,16966.75,16320.5
강서구,2020,치킨전문점,117179791.32,22603927.05,26378977.63,29826830.13,22977594.01,0.3128,8.6,943517.125,137312.21785714285,168800.25357142856,144964.675,129403.76071428572,193490.88214285715,109357.19285714286,155683.22857142857,275689.47967479675,266302.2073170732,69556.5,9641.25,16476.25,16966.75,16320.5
강서구,2020,커피-음료,143474822.35714287,43261541.45714286,38686280.92142857,24757226.014285713,15415484.485714287,0.2607,11.23,943517.125,137312.21785714285,168800.25357142856,144964.675,129403.76071428572,193490.88214285715,109357.19285714286,155683.22857142857,275689.47967479675,266302.2073170732,69556.5,9641.25,16476.25,16966.75,16320.5
강서구,2020,한식음식점,1245736156.3307393,168769405.5680934,245956285.53307393,241127990.57976654,213480036.59533074,0.2615,8.77,943517.125,137312.21785714285,168800.25357142856,144964.675,129403.76071428572,193490.88214285715,109357.19285714286,155683.22857142857,275689.47967479675,266302.2073170732,69556.5,9641.25,16476.25,16966.75,16320.5
강서구,2021,분식전문점,224451944.76865673,39360854.17910448,51033620.37313433,55692200.82089552,40399726.686567165,0.2737,9.87,904344.7678571428,131698.74285714285,162847.6535714286,142676.02142857143,122983.63214285714,185121.58571428573,104435.15714285715,149964.85714285713,289620.6801619433,281924.2348178138,70518.5,9660.0,16719.75,17282.25,16643.25
강서구,2021,양식음식점,382012543.8333333,53688423.44444445,95671886.16666667,76053631.3888889,36328927.833333336,0.1992,12.95,904344.7678571428,131698.74285714285,162847.6535714286,142676.02142857143,122983.63214285714,185121.58571428573,104435.15714285715,149964.85714285713,289620.6801619433,281924.2348178138,70518.5,9660.0,16719.75,17282.25,16643.25
강서구,2021,일식음식점,322608887.0,44184580.048780486,65237466.29268292,53861309.585365854,45655839.6097561,0.2308,11.53,904344.7678571428,131698.74285714285,162847.6535714286,142676.02142857143,122983.63214285714,185121.58571428573,104435.15714285715,149964.85714285713,289620.6801619433,281924.2348178138,70518.5,9660.0,16719.75,17282.25,16643.25
강서구,2021,중식음식점,126295509.48648648,18432837.608108107,26634885.27027027,29399987.891891893,23745228.216216218,0.3191,8.75,904344.7678571428,131698.74285714285,162847.6535714286,142676.02142857143,122983.63214285714,185121.58571428573,104435.15714285715,149964.85714285713,289620.6801619433,281924.2348178138,70518.5,9660.0,16719.75,17282.25,16643.25
강서구,2021,치킨전문점,137548538.04464287,20807215.01785714,28504807.39285714,34615707.85714286,29987662.55357143,0.3121,9.52,904344.7678571428,131698.74285714285,162847.6535714286,142676.02142857143,122983.63214285714,185121.58571428573,104435.15714285715,149964.85714285713,289620.6801619433,281924.2348178138,70518.5,9660.0,16719.75,17282.25,16643.25
강서구,2021,커피-음료,206959321.14772728,56948096.52840909,58128151.36931818,38457883.29545455,24420070.397727273,0.286,12.09,904344.7678571428,131698.74285714285,162847.6535714286,142676.02142857143,122983.63214285714,185121.58571428573,104435.15714285715,149964.85714285713,289620.6801619433,281924.2348178138,70518.5,9660.0,16719.75,17282.25,16643.25
강서구,2021,한식음식점,1477450634.7310605,168868740.8068182,271754599.7386364,277486471.70454544,265284226.00757575,0.2661,10.68,904344.7678571428,131698.74285714285,162847.6535714286,142676.02142857143,122983.63214285714,185121.58571428573,104435.15714285715,149964.85714285713,289620.6801619433,281924.2348178138,70518.5,9660.0,16719.75,17282.25,16643.25
강서구,2022,분식전문점,240361669.2076923,36213977.71538462,55742312.176923074,60625308.33846154,47606038.65384615,0.2752,10.37,879511.2464285714,128396.18571428572,160846.0607142857,141960.1,118506.99642857142,180205.8464285714,100799.55714285714,145284.12857142856,324230.8524590164,313284.5081967213,69360.75,9323.5,16353.25,17114.75,16538.75
강서구,2022,양식음식점,381087920.90909094,45890722.09090909,101178949.72727273,76427876.0,43517320.5,0.2347,13.01,879511.2464285714,128396.18571428572,160846.0607142857,141960.1,118506.99642857142,180205.8464285714,100799.55714285714,145284.12857142856,324230.8524590164,313284.5081967213,69360.75,9323.5,16353.25,17114.75,16538.75
강서구,2022,일식음식점,305205353.0,41422492.74,65293289.54,51374353.18,43460098.86,0.2637,10.65,879511.2464285714,128396.18571428572,160846.0607142857,141960.1,118506.99642857142,180205.8464285714,100799.55714285714,145284.12857142856,324230.8524590164,313284.5081967213,69360.75,9323.5,16353.25,17114.75,16538.75
강서구,2022,중식음식점,153207112.925,19324510.625,32461011.9625,37107110.325,27462211.425,0.3267,11.55,879511.2464285714,128396.18571428572,160846.0607142857,141960.1,118506.99642857142,180205.8464285714,100799.55714285714,145284.12857142856,324230.8524590164,313284.5081967213,69360.75,9323.5,16353.25,17114.75,16538.75
강서구,2022,치킨전문점,131635192.63716814,18401652.699115045,28522560.955752213,31917440.3539823,28760305.42477876,0.309,11.81,879511.2464285714,128396.18571428572,160846.0607142857,141960.1,118506.99642857142,180205.8464285714,100799.55714285714,145284.12857142856,324230.8524590164,313284.5081967213,69360.75,9323.5,16353.25,17114.75,16538.75
강서구,2022,커피-음료,224317666.45762712,54105515.46892656,64706749.70621469,44380652.858757064,28911073.949152544,0.3011,12.84,879511.2464285714,128396.18571428572,160846.0607142857,141960.1,118506.99642857142,180205.8464285714,100799.55714285714,145284.12857142856,324230.8524590164,313284.5081967213,69360.75,9323.5,16353.25,17114.75,16538.75
강서구,2022,한식음식점,1711128733.4586465,179782635.5526316,325236501.06766915,317386959.7669173,300874939.2932331,0.2772,10.31,879511.2464285714,128396.18571428572,160846.0607142857,141960.1,118506.99642857142,180205.8464285714,100799.55714285714,145284.12857142856,324230.8524590164,313284.5081967213,69360.75,9323.5,16353.25,17114.75,16538.75
강서구,2023,분식전문점,243906104.942029,31603220.753623188,54742975.768115945,61009672.8115942,50015132.268115945,0.2803,11.58,871288.425,126185.21071428571,158873.38214285715,142270.31785714286,118923.2,178925.7142857143,99485.44285714286,143242.56785714286,338751.8858267717,326746.3622047244,59950.5,7854.75,13991.5,14863.0,14493.75
강서구,2023,양식음식점,287562473.1363636,25144822.272727273,74489120.36363636,56835282.95454545,44309358.59090909,0.2138,13.16,871288.425,126185.21071428571,158873.38214285715,142270.31785714286,118923.2,178925.7142857143,99485.44285714286,143242.56785714286,338751.8858267717,326746.3622047244,59950.5,7854.75,13991.5,14863.0,14493.75
강서구,2023,일식음식점,345350746.7111111,43328512.06666667,75364400.97777778,61832234.4,49695929.57777778,0.2634,12.1,871288.425,126185.21071428571,158873.38214285715,142270.31785714286,118923.2,178925.7142857143,99485.44285714286,143242.56785714286,338751.8858267717,326746.3622047244,59950.5,7854.75,13991.5,14863.0,14493.75
강서구,2023,중식음식점,179246967.2368421,20630408.25,38151343.0,41009899.19736842,32569576.88157895,0.3123,8.81,871288.425,126185.21071428571,158873.38214285715,142270.31785714286,118923.2,178925.7142857143,99485.44285714286,143242.56785714286,338751.8858267717,326746.3622047244,59950.5,7854.75,13991.5,14863.0,14493.75
강서구,2023,치킨전문점,121898105.47933884,15522007.297520662,25586728.305785123,27571816.67768595,27021073.96694215,0.3058,13.02,871288.425,126185.21071428571,158873.38214285715,142270.31785714286,118923.2,178925.7142857143,99485.44285714286,143242.56785714286,338751.8858267717,326746.3622047244,59950.5,7854.75,13991.5,14863.0,14493.75
강서구,2023,커피-음료,232102153.53977272,49444666.51704545,65297612.48295455,46687392.39204545,33459472.732954547,0.3044,15.22,871288.425,126185.21071428571,158873.38214285715,142270.31785714286,118923.2,178925.7142857143,99485.44285714286,143242.56785714286,338751.8858267717,326746.3622047244,59950.5,7854.75,13991.5,14863.0,14493.75
강서구,2023,한식음식점,1859271081.8507462,173054954.92537314,359483955.29477614,346287476.4664179,331616854.04850745,0.2811,11.39,871288.425,126185.21071428571,158873.38214285715,142270.31785714286,118923.2,178925.7142857143,99485.44285714286,143242.56785714286,338751.8858267717,326746.3622047244,59950.5,7854.75,13991.5,14863.0,14493.75
강서구,2024,분식전문점,233887750.83453238,25979587.690647483,50444162.15107913,52965658.85611511,50970316.78417266,0.2758,16.71,867352.4142857143,124881.85714285714,156214.4,143777.48214285713,120572.50357142858,178489.65,99968.90714285715,142600.9714285714,346955.0620155039,334091.98449612403,65986.5,8493.5,15393.75,16402.75,16040.0
강서구,2024,양식음식점,265819132.45,20576779.8,62399258.4,61289729.25,38296339.65,0.2076,20.89,867352.4142857143,124881.85714285714,156214.4,143777.48214285713,120572.50357142858,178489.65,99968.90714285715,142600.9714285714,346955.0620155039,334091.98449612403,65986.5,8493.5,15393.75,16402.75,16040.0
강서구,2024,일식음식점,365676568.7631579,40872546.421052635,79042880.34210527,61752327.7368421,53367549.526315786,0.2392,13.99,867352.4142857143,124881.85714285714,156214.4,143777.48214285713,120572.50357142858,178489.65,99968.90714285715,142600.9714285714,346955.0620155039,334091.98449612403,65986.5,8493.5,15393.75,16402.75,16040.0
강서구,2024,중식음식점,168962256.56,17117497.666666668,35010519.53333333,36704759.413333334,31197637.973333333,0.2901,11.07,867352.4142857143,124881.85714285714,156214.4,143777.48214285713,120572.50357142858,178489.65,99968.90714285715,142600.9714285714,346955.0620155039,334091.98449612403,65986.5,8493.5,15393.75,16402.75,16040.0
강서구,2024,치킨전문점,114375431.23214285,11781627.901785715,22703538.19642857,24584492.48214286,27393694.464285713,0.2905,21.16,867352.4142857143,124881.85714285714,156214.4,143777.48214285713,120572.50357142858,178489.65,99968.90714285715,142600.9714285714,346955.0620155039,334091.98449612403,65986.5,8493.5,15393.75,16402.75,16040.0
강서구,2024,커피-음료,247909212.75739646,45460824.79881657,69654235.73372781,49593710.810650885,38402075.47337278,0.2961,19.29,867352.4142857143,124881.85714285714,156214.4,143777.48214285713,120572.50357142858,178489.65,99968.90714285715,142600.9714285714,346955.0620155039,334091.98449612403,65986.5,8493.5,15393.75,16402.75,16040.0
강서구,2024,한식음식점,1933958127.148855,164244447.0572519,373991577.2480916,343621286.46564883,344853916.9198473,0.2742,17.33,867352.4142857143,124881.85714285714,156214.4,143777.48214285713,120572.50357142858,178489.65,99968.90714285715,142600.9714285714,346955.0620155039,334091.98449612403,65986.5,8493.5,15393.75,16402.75,16040.0
관악구,2019,분식전문점,183491863.48854962,64645543.17557252,41999420.22900763,31372541.541984733,21791488.694656488,0.3156,7.65,1075052.9493243243,274364.6418918919,202644.94932432432,142692.72635135136,128062.09121621621,219316.5777027027,118298.07432432432,180654.6858108108,1360146.5416666667,1308108.1041666667,40404.0,6019.0,9875.0,9841.0,8805.0
관악구,2019,양식음식점,628763634.375,303258058.0,154984705.91666666,71331871.5,52013854.583333336,0.3631,9.89,1075052.9493243243,274364.6418918919,202644.94932432432,142692.72635135136,128062.09121621621,219316.5777027027,118298.07432432432,180654.6858108108,1360146.5416666667,1308108.1041666667,40404.0,6019.0,9875.0,9841.0,8805.0
관악구,2019,일식음식점,432928467.1282051,171832881.76923078,102555708.84615384,58292701.64102564,46230643.12820513,0.3183,12.28,1075052.9493243243,274364.6418918919,202644.94932432432,142692.72635135136,128062.09121621621,219316.5777027027,118298.07432432432,180654.6858108108,1360146.5416666667,1308108.1041666667,40404.0,6019.0,9875.0,9841.0,8805.0
관악구,2019,중식음식점,170470920.96226415,53760009.320754714,38555834.37735849,26534083.660377357,22978853.88679245,0.3582,7.59,1075052.9493243243,274364.6418918919,202644.94932432432,142692.72635135136,128062.09121621621,219316.5777027027,118298.07432432432,180654.6858108108,1360146.5416666667,1308108.1041666667,40404.0,6019.0,9875.0,9841.0,8805.0
관악구,2019,치킨전문점,136289113.32407406,38084020.2962963,31191310.185185187,31479189.01851852,21469612.759259257,0.3446,10.7,1075052.9493243243,274364.6418918919,202644.94932432432,142692.72635135136,128062.09121621621,219316.5777027027,118298.07432432432,180654.6858108108,1360146.5416666667,1308108.1041666667,40404.0,6019.0,9875.0,9841.0,8805.0
관악구,2019,커피-음료,282226977.42241377,134887427.1551724,68380551.78448276,32186962.681034483,30125756.55172414,0.3512,10.84,1075052.9493243243,274364.6418918919,202644.94932432432,142692.72635135136,128062.09121621621,219316.5777027027,118298.07432432432,180654.6858108108,1360146.5416666667,1308108.1041666667,40404.0,6019.0,9875.0,9841.0,8805.0
관악구,2019,한식음식점,1074108839.2186234,296956012.18623483,237890711.98380566,184578346.15384614,170877766.84210527,0.3305,9.13,1075052.9493243243,274364.6418918919,202644.94932432432,142692.72635135136,128062.09121621621,219316.5777027027,118298.07432432432,180654.6858108108,1360146.5416666667,1308108.1041666667,40404.0,6019.0,9875.0,9841.0,8805.0
관악구,2020,분식전문점,176709651.46564886,54509440.0,41109167.22137404,30197717.442748092,24509435.603053436,0.2925,9.21,1060226.7567567567,272986.63513513515,203063.64864864864,143569.68243243243,126558.8581081081,215375.77364864864,118974.0,180946.88175675675,1046328.2708333334,1003354.5,40283.5,5987.5,9863.25,9825.5,8784.25
관악구,2020,양식음식점,541835192.8076923,254760035.73076922,143050650.6153846,56276222.23076923,45347387.884615384,0.3668,10.84,1060226.7567567567,272986.63513513515,203063.64864864864,143569.68243243243,126558.8581081081,215375.77364864864,118974.0,180946.88175675675,1046328.2708333334,1003354.5,40283.5,5987.5,9863.25,9825.5,8784.25
관악구,2020,일식음식점,424113630.5365854,170469675.5609756,104653218.75609756,49808409.146341465,45037046.24390244,0.3015,6.03,1060226.7567567567,272986.63513513515,203063.64864864864,143569.68243243243,126558.8581081081,215375.77364864864,118974.0,180946.88175675675,1046328.2708333334,1003354.5,40283.5,5987.5,9863.25,9825.5,8784.25
관악구,2020,중식음식점,144275900.33962265,41948938.905660376,34328948.73584906,23984723.16981132,19908194.509433962,0.35,5.14,1060226.7567567567,272986.63513513515,203063.64864864864,143569.68243243243,126558.8581081081,215375.77364864864,118974.0,180946.88175675675,1046328.2708333334,1003354.5,40283.5,5987.5,9863.25,9825.5,8784.25
관악구,2020,치킨전문점,116412643.76068376,28064454.376068376,25891377.837606836,26889041.837606836,21898312.777777776,0.3351,11.59,1060226.7567567567,272986.63513513515,203063.64864864864,143569.68243243243,126558.8581081081,215375.77364864864,118974.0,180946.88175675675,1046328.2708333334,1003354.5,40283.5,5987.5,9863.25,9825.5,8784.25
관악구,2020,커피-음료,260645096.37398374,121935446.82926829,65347739.487804875,28465779.398373984,28696179.422764227,0.3312,12.26,1060226.7567567567,272986.63513513515,203063.64864864864,143569.68243243243,126558.8581081081,215375.77364864864,118974.0,180946.88175675675,1046328.2708333334,1003354.5,40283.5,5987.5,9863.25,9825.5,8784.25
관악구,2020,한식음식점,988547144.3611112,272126836.7777778,218419033.3531746,161562675.34126985,164009709.62301588,0.3208,8.78,1060226.7567567567,272986.63513513515,203063.64864864864,143569.68243243243,126558.8581081081,215375.77364864864,118974.0,180946.88175675675,1046328.2708333334,1003354.5,40283.5,5987.5,9863.25,9825.5,8784.25
관악구,2021,분식전문점,195145956.8203593,57061391.28742515,47220315.868263476,35529420.79041916,29869580.538922157,0.2884,12.68,1026648.4290540541,259404.07432432432,199722.84797297296,142642.86486486485,125223.38513513513,208170.80405405405,114735.35472972973,175259.4358108108,1026520.7083333334,994176.4375,40358.75,5923.75,9927.5,9901.25,8855.5
관악구,2021,양식음식점,485025569.3142857,216687896.17142856,129876836.42857143,51061572.571428575,42933985.22857143,0.3852,13.27,1026648.4290540541,259404.07432432432,199722.84797297296,142642.86486486485,125223.38513513513,208170.80405405405,114735.35472972973,175259.4358108108,1026520.7083333334,994176.4375,40358.75,5923.75,9927.5,9901.25,8855.5
관악구,2021,일식음식점,466862540.59615386,152721084.98076922,110117650.09615384,60533848.788461536,59871402.17307692,0.3085,8.99,1026648.4290540541,259404.07432432432,199722.84797297296,142642.86486486485,125223.38513513513,208170.80405405405,114735.35472972973,175259.4358108108,1026520.7083333334,994176.4375,40358.75,5923.75,9927.5,9901.25,8855.5
관악구,2021,중식음식점,145414849.52,36539853.17333333,31453425.866666667,25031730.426666666,24203201.066666666,0.3533,10.66,1026648.4290540541,259404.07432432432,199722.84797297296,142642.86486486485,125223.38513513513,208170.80405405405,114735.35472972973,175259.4358108108,1026520.7083333334,994176.4375,40358.75,5923.75,9927.5,9901.25,8855.5
관악구,2021,치킨전문점,125774234.4921875,27768749.390625,26455313.8671875,27820768.578125,25143789.9296875,0.3308,9.74,1026648.4290540541,259404.07432432432,199722.84797297296,142642.86486486485,125223.38513513513,208170.80405405405,114735.35472972973,175259.4358108108,1026520.7083333334,994176.4375,40358.75,5923.75,9927.5,9901.25,8855.5
관악구,2021,커피-음료,259467612.03846154,107941033.26282051,68703106.75641026,33773934.81410257,27346212.852564104,0.3462,12.05,1026648.4290540541,259404.07432432432,199722.84797297296,142642.86486486485,125223.38513513513,208170.80405405405,114735.35472972973,175259.4358108108,1026520.7083333334,994176.4375,40358.75,5923.75,9927.5,9901.25,8855.5
관악구,2021,한식음식점,1076934184.7237353,251465672.8171206,225461158.82879376,169862987.23346305,198864528.90272373,0.3165,10.94,1026648.4290540541,259404.07432432432,199722.84797297296,142642.86486486485,125223.38513513513,208170.80405405405,114735.35472972973,175259.4358108108,1026520.7083333334,994176.4375,40358.75,5923.75,9927.5,9901.25,8855.5
관악구,2022,분식전문점,206864620.2994012,54056601.9760479,51313243.15568862,38449915.74850299,32616207.113772456,0.2887,11.55,1030345.1621621621,267207.3952702703,201681.2331081081,143465.59797297296,125297.18918918919,208653.0945945946,113538.21283783784,174009.83445945947,639223.8636363636,617476.8636363636,41825.75,6042.25,10310.0,10303.25,9280.0
관악구,2022,양식음식점,560969428.617647,232724496.94117647,156383725.17647058,58157224.88235294,54559551.23529412,0.3865,15.83,1030345.1621621621,267207.3952702703,201681.2331081081,143465.59797297296,125297.18918918919,208653.0945945946,113538.21283783784,174009.83445945947,639223.8636363636,617476.8636363636,41825.75,6042.25,10310.0,10303.25,9280.0
관악구,2022,일식음식점,543603082.48,164933178.96,133407658.8,68796134.02,70097138.72,0.3152,14.54,1030345.1621621621,267207.3952702703,201681.2331081081,143465.59797297296,125297.18918918919,208653.0945945946,113538.21283783784,174009.83445945947,639223.8636363636,617476.8636363636,41825.75,6042.25,10310.0,10303.25,9280.0
관악구,2022,중식음식점,179362599.5277778,42161927.625,38031195.125,28935468.055555556,28512458.722222224,0.3324,14.36,1030345.1621621621,267207.3952702703,201681.2331081081,143465.59797297296,125297.18918918919,208653.0945945946,113538.21283783784,174009.83445945947,639223.8636363636,617476.8636363636,41825.75,6042.25,10310.0,10303.25,9280.0
관악구,2022,치킨전문점,132024328.05645162,27737340.258064516,29528377.475806452,26220499.25,27801049.653225806,0.3239,10.85,1030345.1621621621,267207.3952702703,201681.2331081081,143465.59797297296,125297.18918918919,208653.0945945946,113538.21283783784,174009.83445945947,639223.8636363636,617476.8636363636,41825.75,6042.25,10310.0,10303.25,9280.0
관악구,2022,커피-음료,284992723.20481926,105843351.54819277,77947428.6746988,38328664.078313254,33620194.530120485,0.3568,13.62,1030345.1621621621,267207.3952702703,201681.2331081081,143465.59797297296,125297.18918918919,208653.0945945946,113538.21283783784,174009.83445945947,639223.8636363636,617476.8636363636,41825.75,6042.25,10310.0,10303.25,9280.0
관악구,2022,한식음식점,1272902450.1520913,283413681.418251,280885931.94676805,192404813.8212928,223008010.1825095,0.3262,10.74,1030345.1621621621,267207.3952702703,201681.2331081081,143465.59797297296,125297.18918918919,208653.0945945946,113538.21283783784,174009.83445945947,639223.8636363636,617476.8636363636,41825.75,6042.25,10310.0,10303.25,9280.0
관악구,2023,분식전문점,225732149.125,56728275.60625,58249030.2375,41973444.6375,37545615.275,0.2962,10.23,1015567.8006756756,268551.66891891893,200643.27702702704,140518.0168918919,122670.0777027027,206119.0304054054,110330.1722972973,169289.41216216216,566990.0833333334,545364.4074074074,41985.75,6022.75,10448.75,10336.0,9366.5
관악구,2023,양식음식점,562993989.2,196112740.4,160127147.08571428,72637336.62857144,61440874.14285714,0.3766,14.82,1015567.8006756756,268551.66891891893,200643.27702702704,140518.0168918919,122670.0777027027,206119.0304054054,110330.1722972973,169289.41216216216,566990.0833333334,545364.4074074074,41985.75,6022.75,10448.75,10336.0,9366.5
관악구,2023,일식음식점,435919637.13793105,129534325.87931034,114604087.8275862,56042956.22413793,57133795.10344828,0.3247,11.62,1015567.8006756756,268551.66891891893,200643.27702702704,140518.0168918919,122670.0777027027,206119.0304054054,110330.1722972973,169289.41216216216,566990.0833333334,545364.4074074074,41985.75,6022.75,10448.75,10336.0,9366.5
관악구,2023,중식음식점,185719033.93333334,41041639.49333333,40865049.16,29208305.6,30832106.01333333,0.3377,10.58,1015567.8006756756,268551.66891891893,200643.27702702704,140518.0168918919,122670.0777027027,206119.0304054054,110330.1722972973,169289.41216216216,566990.0833333334,545364.4074074074,41985.75,6022.75,10448.75,10336.0,9366.5
관악구,2023,치킨전문점,125820826.44444445,23932836.94017094,29302578.46153846,24744750.982905984,26292544.410256412,0.3342,11.13,1015567.8006756756,268551.66891891893,200643.27702702704,140518.0168918919,122670.0777027027,206119.0304054054,110330.1722972973,169289.41216216216,566990.0833333334,545364.4074074074,41985.75,6022.75,10448.75,10336.0,9366.5
관악구,2023,커피-음료,270803022.2011494,88220597.99425288,76615711.0862069,38307963.37931035,34438970.844827585,0.3532,14.41,1015567.8006756756,268551.66891891893,200643.27702702704,140518.0168918919,122670.0777027027,206119.0304054054,110330.1722972973,169289.41216216216,566990.0833333334,545364.4074074074,41985.75,6022.75,10448.75,10336.0,9366.5
관악구,2023,한식음식점,1378468331.1780303,276273560.45075756,312901341.32954544,203116083.6818182,245503074.28030303,0.3259,11.0,1015567.8006756756,268551.66891891893,200643.27702702704,140518.0168918919,122670.0777027027,206119.0304054054,110330.1722972973,169289.41216216216,566990.0833333334,545364.4074074074,41985.75,6022.75,10448.75,10336.0,9366.5
관악구,2024,분식전문점,202329015.37341774,42999453.37341772,54636973.55063291,36711155.70253164,35583302.56962025,0.2891,11.8,995135.7364864865,260837.84797297296,200680.19594594595,137971.5608108108,122079.28716216216,203000.19594594595,108576.41891891892,165481.20945945947,575490.25,553993.9166666666,41291.0,5777.25,10243.5,10194.0,9412.25
관악구,2024,양식음식점,450243282.4054054,140409143.75675675,133977494.16216215,56137522.05405405,51236148.86486486,0.3506,13.51,995135.7364864865,260837.84797297296,200680.19594594595,137971.5608108108,122079.28716216216,203000.19594594595,108576.41891891892,165481.20945945947,575490.25,553993.9166666666,41291.0,5777.25,10243.5,10194.0,9412.25
관악구,2024,일식음식점,416260599.7627119,111398011.27118644,110597439.37288135,54266343.38983051,56566823.38983051,0.3138,14.19,995135.7364864865,260837.84797297296,200680.19594594595,137971.5608108108,122079.28716216216,203000.19594594595,108576.41891891892,165481.20945945947,575490.25,553993.9166666666,41291.0,5777.25,10243.5,10194.0,9412.25
관악구,2024,중식음식점,175291886.7972973,35090049.783783786,40620579.0,26579063.337837838,29475867.243243244,0.3273,8.41,995135.7364864865,260837.84797297296,200680.19594594595,137971.5608108108,122079.28716216216,203000.19594594595,108576.41891891892,165481.20945945947,575490.25,553993.9166666666,41291.0,5777.25,10243.5,10194.0,9412.25
관악구,2024,치킨전문점,109006202.06481482,17954487.990740743,25164062.435185187,20716463.361111112,23521095.842592593,0.3223,9.75,995135.7364864865,260837.84797297296,200680.19594594595,137971.5608108108,122079.28716216216,203000.19594594595,108576.41891891892,165481.20945945947,575490.25,553993.9166666666,41291.0,5777.25,10243.5,10194.0,9412.25
관악구,2024,커피-음료,286526523.1916168,84267771.06586826,85499686.5748503,40405016.43712575,37784575.880239524,0.3448,17.41,995135.7364864865,260837.84797297296,200680.19594594595,137971.5608108108,122079.28716216216,203000.19594594595,108576.41891891892,165481.20945945947,575490.25,553993.9166666666,41291.0,5777.25,10243.5,10194.0,9412.25
관악구,2024,한식음식점,1379152110.059925,247377522.77153558,326818781.3483146,203940008.082397,248962469.90262172,0.3223,12.28,995135.7364864865,260837.84797297296,200680.19594594595,137971.5608108108,122079.28716216216,203000.19594594595,108576.41891891892,165481.20945945947,575490.25,553993.9166666666,41291.0,5777.25,10243.5,10194.0,9412.25
광진구,2019,분식전문점,242312371.008547,94557840.78632478,49412262.581196584,43633774.39316239,27224296.256410256,0.3108,11.26,1012372.3790322581,199922.96774193548,171095.87096774194,146177.62903225806,146596.9435483871,205173.36290322582,110782.03225806452,167155.79032258064,612864.3181818182,608288.1060606061,48020.0,7183.0,9884.0,11825.0,12715.0
광진구,2019,양식음식점,373291824.3095238,169466369.92857143,75361201.38095239,45918604.73809524,31931569.14285714,0.3562,9.92,1012372.3790322581,199922.96774193548,171095.87096774194,146177.62903225806,146596.9435483871,205173.36290322582,110782.03225806452,167155.79032258064,612864.3181818182,608288.1060606061,48020.0,7183.0,9884.0,11825.0,12715.0
광진구,2019,일식음식점,425432686.58,138963168.14,79517236.16,65649266.9,57178333.5,0.2862,7.93,1012372.3790322581,199922.96774193548,171095.87096774194,146177.62903225806,146596.9435483871,205173.36290322582,110782.03225806452,167155.79032258064,612864.3181818182,608288.1060606061,48020.0,7183.0,9884.0,11825.0,12715.0
광진구,2019,중식음식점,549360172.0344827,204060581.0,131458370.10344827,79858956.37931034,58186940.03448276,0.3592,9.8,1012372.3790322581,199922.96774193548,171095.87096774194,146177.62903225806,146596.9435483871,205173.36290322582,110782.03225806452,167155.79032258064,612864.3181818182,608288.1060606061,48020.0,7183.0,9884.0,11825.0,12715.0
광진구,2019,치킨전문점,123214926.48809524,46628188.23809524,25407659.666666668,19188085.416666668,20132913.273809522,0.3268,9.04,1012372.3790322581,199922.96774193548,171095.87096774194,146177.62903225806,146596.9435483871,205173.36290322582,110782.03225806452,167155.79032258064,612864.3181818182,608288.1060606061,48020.0,7183.0,9884.0,11825.0,12715.0
광진구,2019,커피-음료,298925326.8366013,143383185.59477124,62176272.2745098,36204553.450980395,28458918.647058822,0.339,8.61,1012372.3790322581,199922.96774193548,171095.87096774194,146177.62903225806,146596.9435483871,205173.36290322582,110782.03225806452,167155.79032258064,612864.3181818182,608288.1060606061,48020.0,7183.0,9884.0,11825.0,12715.0
광진구,2019,한식음식점,1380815857.46789,359088381.72477067,254133721.94495413,229869993.94954127,227631025.85779816,0.3091,8.57,1012372.3790322581,199922.96774193548,171095.87096774194,146177.62903225806,146596.9435483871,205173.36290322582,110782.03225806452,167155.79032258064,612864.3181818182,608288.1060606061,48020.0,7183.0,9884.0,11825.0,12715.0
광진구,2020,분식전문점,198109950.72580644,65807641.64516129,44496094.57258064,38345349.57258064,25966648.55645161,0.2894,11.89,1008047.8951612903,202038.95967741936,174837.65322580645,147838.78629032258,145014.39112903227,204972.33467741936,112076.73387096774,166360.93951612903,432069.73484848486,428448.1818181818,48840.25,7345.25,10063.5,12026.0,12941.25
광진구,2020,양식음식점,321691107.5952381,134393422.7857143,70322442.78571428,39308461.88095238,28386808.69047619,0.3468,11.03,1008047.8951612903,202038.95967741936,174837.65322580645,147838.78629032258,145014.39112903227,204972.33467741936,112076.73387096774,166360.93951612903,432069.73484848486,428448.1818181818,48840.25,7345.25,10063.5,12026.0,12941.25
광진구,2020,일식음식점,345947138.44,102151267.68,68353049.36,51191241.42,48544171.88,0.2653,8.65,1008047.8951612903,202038.95967741936,174837.65322580645,147838.78629032258,145014.39112903227,204972.33467741936,112076.73387096774,166360.93951612903,432069.73484848486,428448.1818181818,48840.25,7345.25,10063.5,12026.0,12941.25
광진구,2020,중식음식점,333955754.8305085,106490486.83050847,80296745.40677966,52037063.83050848,40844954.62711865,0.3382,5.79,1008047.8951612903,202038.95967741936,174837.65322580645,147838.78629032258,145014.39112903227,204972.33467741936,112076.73387096774,166360.93951612903,432069.73484848486,428448.1818181818,48840.25,7345.25,10063.5,12026.0,12941.25
광진구,2020,치킨전문점,103051169.75268817,39241354.666666664,19238354.29032258,16000057.58064516,15221667.41935484,0.3256,7.74,1008047.8951612903,202038.95967741936,174837.65322580645,147838.78629032258,145014.39112903227,204972.33467741936,112076.73387096774,166360.93951612903,432069.73484848486,428448.1818181818,48840.25,7345.25,10063.5,12026.0,12941.25
광진구,2020,커피-음료,280250910.8896104,122254136.64935064,62740991.246753246,35880864.097402595,29561178.084415585,0.3293,12.26,1008047.8951612903,202038.95967741936,174837.65322580645,147838.78629032258,145014.39112903227,204972.33467741936,112076.73387096774,166360.93951612903,432069.73484848486,428448.1818181818,48840.25,7345.25,10063.5,12026.0,12941.25
광진구,2020,한식음식점,1271796715.1712964,297743436.5092593,237785814.02314815,211565370.74537036,228610340.2638889,0.2976,7.59,1008047.8951612903,202038.95967741936,174837.65322580645,147838.78629032258,145014.39112903227,204972.33467741936,112076.73387096774,166360.93951612903,432069.73484848486,428448.1818181818,48840.25,7345.25,10063.5,12026.0,12941.25
광진구,2021,분식전문점,189816954.0945946,50525037.5472973,43857278.817567565,38920378.70945946,28406779.587837838,0.2873,10.43,973078.7782258064,195137.25403225806,170831.82258064515,145673.1814516129,141184.7943548387,198111.71774193548,108036.93548387097,160543.3266129032,430116.42424242425,424727.00757575757,51278.75,7829.0,10622.25,12639.0,13600.5
광진구,2021,양식음식점,334556635.77272725,128383972.5,76032029.75,49936753.04545455,33947849.02272727,0.3755,9.12,973078.7782258064,195137.25403225806,170831.82258064515,145673.1814516129,141184.7943548387,198111.71774193548,108036.93548387097,160543.3266129032,430116.42424242425,424727.00757575757,51278.75,7829.0,10622.25,12639.0,13600.5
광진구,2021,일식음식점,424093329.18367344,109311773.20408164,78140361.65306123,63725935.36734694,63111746.428571425,0.2752,10.19,973078.7782258064,195137.25403225806,170831.82258064515,145673.1814516129,141184.7943548387,198111.71774193548,108036.93548387097,160543.3266129032,430116.42424242425,424727.00757575757,51278.75,7829.0,10622.25,12639.0,13600.5
광진구,2021,중식음식점,419808565.3484849,139727616.04545453,97330217.4090909,61761815.90909091,53801270.13636363,0.3479,4.8,973078.7782258064,195137.25403225806,170831.82258064515,145673.1814516129,141184.7943548387,198111.71774193548,108036.93548387097,160543.3266129032,430116.42424242425,424727.00757575757,51278.75,7829.0,10622.25,12639.0,13600.5
광진구,2021,치킨전문점,110026394.63865547,34627636.10084034,22332931.974789917,19726449.781512607,18586061.084033612,0.315,9.35,973078.7782258064,195137.25403225806,170831.82258064515,145673.1814516129,141184.7943548387,198111.71774193548,108036.93548387097,160543.3266129032,430116.42424242425,424727.00757575757,51278.75,7829.0,10622.25,12639.0,13600.5
광진구,2021,커피-음료,348460161.045977,134341162.88505748,78432206.35632184,50177816.994252875,42227955.09770115,0.3164,11.54,973078.7782258064,195137.25403225806,170831.82258064515,145673.1814516129,141184.7943548387,198111.71774193548,108036.93548387097,160543.3266129032,430116.42424242425,424727.00757575757,51278.75,7829.0,10622.25,12639.0,13600.5
광진구,2021,한식음식점,1417084628.3564816,287693799.2407407,259628640.02314815,228364777.6111111,266761697.43055555,0.3,8.6,973078.7782258064,195137.25403225806,170831.82258064515,145673.1814516129,141184.7943548387,198111.71774193548,108036.93548387097,160543.3266129032,430116.42424242425,424727.00757575757,51278.75,7829.0,10622.25,12639.0,13600.5
광진구,2022,분식전문점,225086004.77622378,55905902.615384616,52513884.74125874,47752907.202797204,36550938.426573426,0.2847,10.24,974175.9193548387,202743.4435483871,170629.73790322582,144951.12096774194,138822.73790322582,197228.49596774194,107358.94758064517,161850.89112903227,490592.8787878788,483187.5606060606,51289.5,7823.25,10696.5,12694.75,13570.25
광진구,2022,양식음식점,417861450.95238096,141991897.54761904,94894992.3095238,68963421.64285715,46780348.61904762,0.3816,11.63,974175.9193548387,202743.4435483871,170629.73790322582,144951.12096774194,138822.73790322582,197228.49596774194,107358.94758064517,161850.89112903227,490592.8787878788,483187.5606060606,51289.5,7823.25,10696.5,12694.75,13570.25
광진구,2022,일식음식점,438516523.86538464,114844579.46153846,85725270.0,63532712.807692304,64285616.711538464,0.2806,11.01,974175.9193548387,202743.4435483871,170629.73790322582,144951.12096774194,138822.73790322582,197228.49596774194,107358.94758064517,161850.89112903227,490592.8787878788,483187.5606060606,51289.5,7823.25,10696.5,12694.75,13570.25
광진구,2022,중식음식점,540677692.969697,181711013.37878788,125178359.16666667,82227979.78787878,67724674.9090909,0.3527,7.81,974175.9193548387,202743.4435483871,170629.73790322582,144951.12096774194,138822.73790322582,197228.49596774194,107358.94758064517,161850.89112903227,490592.8787878788,483187.5606060606,51289.5,7823.25,10696.5,12694.75,13570.25
광진구,2022,치킨전문점,124260606.71818182,40155398.20909091,26175614.09090909,20195539.536363635,20442491.936363637,0.323,9.85,974175.9193548387,202743.4435483871,170629.73790322582,144951.12096774194,138822.73790322582,197228.49596774194,107358.94758064517,161850.89112903227,490592.8787878788,483187.5606060606,51289.5,7823.25,10696.5,12694.75,13570.25
광진구,2022,커피-음료,383018936.4505494,136900971.98351648,89173296.2967033,56430503.972527474,50438495.36263736,0.3312,15.25,974175.9193548387,202743.4435483871,170629.73790322582,144951.12096774194,138822.73790322582,197228.49596774194,107358.94758064517,161850.89112903227,490592.8787878788,483187.5606060606,51289.5,7823.25,10696.5,12694.75,13570.25
광진구,2022,한식음식점,1757552393.3472223,343273260.0231481,333570915.1157407,276064913.0046296,320205052.9583333,0.3103,9.78,974175.9193548387,202743.4435483871,170629.73790322582,144951.12096774194,138822.73790322582,197228.49596774194,107358.94758064517,161850.89112903227,490592.8787878788,483187.5606060606,51289.5,7823.25,10696.5,12694.75,13570.25
광진구,2023,분식전문점,228211224.56643358,52482975.47552448,52412607.35664336,49204157.020979024,39747678.67132867,0.2721,11.83,955309.6169354839,202233.12903225806,167818.30241935485,141453.125,133629.93548387097,193254.43548387097,104622.66935483871,158928.9556451613,526522.5833333334,516933.17424242425,48716.5,7405.75,10155.5,12083.0,12923.0
광진구,2023,양식음식점,443887356.65909094,129638864.0909091,99873171.18181819,77084724.11363636,55089982.68181818,0.3663,18.56,955309.6169354839,202233.12903225806,167818.30241935485,141453.125,133629.93548387097,193254.43548387097,104622.66935483871,158928.9556451613,526522.5833333334,516933.17424242425,48716.5,7405.75,10155.5,12083.0,12923.0
광진구,2023,일식음식점,516620073.8627451,140112857.96078432,114252701.88235295,70701593.68627451,70480073.05882353,0.2927,13.72,955309.6169354839,202233.12903225806,167818.30241935485,141453.125,133629.93548387097,193254.43548387097,104622.66935483871,158928.9556451613,526522.5833333334,516933.17424242425,48716.5,7405.75,10155.5,12083.0,12923.0
광진구,2023,중식음식점,579930436.421875,175579069.078125,139470449.515625,87725149.1875,77842857.953125,0.3525,10.87,955309.6169354839,202233.12903225806,167818.30241935485,141453.125,133629.93548387097,193254.43548387097,104622.66935483871,158928.9556451613,526522.5833333334,516933.17424242425,48716.5,7405.75,10155.5,12083.0,12923.0
광진구,2023,치킨전문점,127207396.52777778,37326171.34259259,28157431.740740743,19943550.796296295,21471841.712962963,0.3106,8.42,955309.6169354839,202233.12903225806,167818.30241935485,141453.125,133629.93548387097,193254.43548387097,104622.66935483871,158928.9556451613,526522.5833333334,516933.17424242425,48716.5,7405.75,10155.5,12083.0,12923.0
광진구,2023,커피-음료,405611261.85393256,130241577.42134832,94861413.87078652,61689563.97191011,58099749.28651685,0.3347,14.05,955309.6169354839,202233.12903225806,167818.30241935485,141453.125,133629.93548387097,193254.43548387097,104622.66935483871,158928.9556451613,526522.5833333334,516933.17424242425,48716.5,7405.75,10155.5,12083.0,12923.0
광진구,2023,한식음식점,1951254838.148148,351122173.087963,377145812.9444444,304068585.9259259,350852797.787037,0.3079,9.43,955309.6169354839,202233.12903225806,167818.30241935485,141453.125,133629.93548387097,193254.43548387097,104622.66935483871,158928.9556451613,526522.5833333334,516933.17424242425,48716.5,7405.75,10155.5,12083.0,12923.0
광진구,2024,분식전문점,231222338.27659574,47741957.319148935,53572332.39716312,48750176.93617021,42482708.73049645,0.2844,11.31,942158.1532258064,199783.40322580645,165102.625,139707.16532258064,131819.99596774194,191713.4758064516,103923.09677419355,155956.59677419355,532897.0454545454,522094.2803030303,44239.5,6728.25,9208.25,10989.0,11822.0
광진구,2024,양식음식점,369622802.51111114,97102171.46666667,87988396.77777778,65447420.57777778,48441032.777777776,0.3599,14.44,942158.1532258064,199783.40322580645,165102.625,139707.16532258064,131819.99596774194,191713.4758064516,103923.09677419355,155956.59677419355,532897.0454545454,522094.2803030303,44239.5,6728.25,9208.25,10989.0,11822.0
광진구,2024,일식음식점,462331988.1875,126733868.27083333,103104299.20833333,61016905.895833336,61795281.104166664,0.2877,9.7,942158.1532258064,199783.40322580645,165102.625,139707.16532258064,131819.99596774194,191713.4758064516,103923.09677419355,155956.59677419355,532897.0454545454,522094.2803030303,44239.5,6728.25,9208.25,10989.0,11822.0
광진구,2024,중식음식점,543523867.9104477,148178722.2238806,136248745.49253732,81193789.47761194,76655110.46268657,0.3419,10.43,942158.1532258064,199783.40322580645,165102.625,139707.16532258064,131819.99596774194,191713.4758064516,103923.09677419355,155956.59677419355,532897.0454545454,522094.2803030303,44239.5,6728.25,9208.25,10989.0,11822.0
광진구,2024,치킨전문점,108884854.21649484,26759570.50515464,23793909.73195876,16128511.989690721,21604066.01030928,0.3049,9.04,942158.1532258064,199783.40322580645,165102.625,139707.16532258064,131819.99596774194,191713.4758064516,103923.09677419355,155956.59677419355,532897.0454545454,522094.2803030303,44239.5,6728.25,9208.25,10989.0,11822.0
광진구,2024,커피-음료,415251222.2643678,123707867.14367816,99114402.34482759,63235781.24137931,63901036.551724136,0.3248,15.79,942158.1532258064,199783.40322580645,165102.625,139707.16532258064,131819.99596774194,191713.4758064516,103923.09677419355,155956.59677419355,532897.0454545454,522094.2803030303,44239.5,6728.25,9208.25,10989.0,11822.0
광진구,2024,한식음식점,1992355425.913242,333616530.8082192,403366051.8127854,305460133.9315069,360238169.0913242,0.3061,9.42,942158.1532258064,199783.40322580645,165102.625,139707.16532258064,131819.99596774194,191713.4758064516,103923.09677419355,155956.59677419355,532897.0454545454,522094.2803030303,44239.5,6728.25,9208.25,10989.0,11822.0
구로구,2019,분식전문점,236196890.1263158,59305637.94736842,59618650.29473684,50067170.6,31063120.0,0.2637,7.51,768717.9291666667,103440.25416666667,130152.19166666667,128016.54166666667,122501.49166666667,156751.69166666668,94062.62916666667,132198.78333333333,651354.0833333334,648842.0,108376.0,18269.0,30868.0,27201.0,19902.0
구로구,2019,양식음식점,559630314.3571428,115770131.57142857,174651469.7142857,117534064.85714285,46054247.571428575,0.2543,14.15,768717.9291666667,103440.25416666667,130152.19166666667,128016.54166666667,122501.49166666667,156751.69166666668,94062.62916666667,132198.78333333333,651354.0833333334,648842.0,108376.0,18269.0,30868.0,27201.0,19902.0
구로구,2019,일식음식점,573354002.5517242,136372220.06896552,154189979.62068966,101084594.79310344,63426384.551724136,0.2634,12.03,768717.9291666667,103440.25416666667,130152.19166666667,128016.54166666667,122501.49166666667,156751.69166666668,94062.62916666667,132198.78333333333,651354.0833333334,648842.0,108376.0,18269.0,30868.0,27201.0,19902.0
구로구,2019,중식음식점,336735038.57471263,51740496.24137931,86078216.06896552,75090825.20689656,58543826.24137931,0.3207,10.17,768717.9291666667,103440.25416666667,130152.19166666667,128016.54166666667,122501.49166666667,156751.69166666668,94062.62916666667,132198.78333333333,651354.0833333334,648842.0,108376.0,18269.0,30868.0,27201.0,19902.0
구로구,2019,치킨전문점,104062193.42307693,19083972.692307692,24118082.730769232,27190244.32051282,18573817.807692308,0.3094,7.73,768717.9291666667,103440.25416666667,130152.19166666667,128016.54166666667,122501.49166666667,156751.69166666668,94062.62916666667,132198.78333333333,651354.0833333334,648842.0,108376.0,18269.0,30868.0,27201.0,19902.0
구로구,2019,커피-음료,316039560.97115386,92194337.64423077,95560161.23076923,55032437.509615384,32689202.865384616,0.2365,12.56,768717.9291666667,103440.25416666667,130152.19166666667,128016.54166666667,122501.49166666667,156751.69166666668,94062.62916666667,132198.78333333333,651354.0833333334,648842.0,108376.0,18269.0,30868.0,27201.0,19902.0
구로구,2019,한식음식점,1185652589.8194444,190911018.1574074,263739749.9074074,241982339.1111111,204203598.9351852,0.2578,8.29,768717.9291666667,103440.25416666667,130152.19166666667,128016.54166666667,122501.49166666667,156751.69166666668,94062.62916666667,132198.78333333333,651354.0833333334,648842.0,108376.0,18269.0,30868.0,27201.0,19902.0
구로구,2020,분식전문점,229712978.3148148,54240308.36111111,56170872.574074075,47422454.083333336,32926940.925925925,0.2462,9.14,770472.4708333333,104652.0,129993.1,128875.95,121818.5875,157312.54583333334,94928.35416666667,132358.63333333333,494221.8125,490065.2395833333,110741.25,18784.0,31698.25,27806.5,20185.75
구로구,2020,양식음식점,359363560.2,84426389.4,109621655.7,61233225.9,26917301.75,0.174,10.68,770472.4708333333,104652.0,129993.1,128875.95,121818.5875,157312.54583333334,94928.35416666667,132358.63333333333,494221.8125,490065.2395833333,110741.25,18784.0,31698.25,27806.5,20185.75
구로구,2020,일식음식점,492831824.5833333,118624290.83333333,135165649.25,83235487.69444445,49751204.44444445,0.2311,9.22,770472.4708333333,104652.0,129993.1,128875.95,121818.5875,157312.54583333334,94928.35416666667,132358.63333333333,494221.8125,490065.2395833333,110741.25,18784.0,31698.25,27806.5,20185.75
구로구,2020,중식음식점,300011928.1235955,43603173.43820225,74027951.01123595,67843303.95505618,51491945.11235955,0.2899,8.16,770472.4708333333,104652.0,129993.1,128875.95,121818.5875,157312.54583333334,94928.35416666667,132358.63333333333,494221.8125,490065.2395833333,110741.25,18784.0,31698.25,27806.5,20185.75
구로구,2020,치킨전문점,98960008.64,15770511.933333334,21490548.84,25903531.69333333,21225143.04,0.3199,7.75,770472.4708333333,104652.0,129993.1,128875.95,121818.5875,157312.54583333334,94928.35416666667,132358.63333333333,494221.8125,490065.2395833333,110741.25,18784.0,31698.25,27806.5,20185.75
구로구,2020,커피-음료,296309385.5188679,85607991.33018868,87868548.33962265,51326724.86792453,29702279.37735849,0.1971,8.39,770472.4708333333,104652.0,129993.1,128875.95,121818.5875,157312.54583333334,94928.35416666667,132358.63333333333,494221.8125,490065.2395833333,110741.25,18784.0,31698.25,27806.5,20185.75
구로구,2020,한식음식점,1132197677.1860466,189961401.82790697,244649516.99069768,220488849.8372093,201510326.4,0.2441,7.77,770472.4708333333,104652.0,129993.1,128875.95,121818.5875,157312.54583333334,94928.35416666667,132358.63333333333,494221.8125,490065.2395833333,110741.25,18784.0,31698.25,27806.5,20185.75
구로구,2021,분식전문점,258544127.98449612,55259322.511627905,61427346.20930233,55277841.8992248,38289329.8992248,0.2343,13.38,762200.0291666667,102312.3,129508.54166666667,128466.3125,123363.44166666667,154530.99166666667,92520.29166666667,130998.325,491284.0208333333,486778.2083333333,119931.5,20502.5,34632.75,30144.75,21632.25
구로구,2021,양식음식점,509101469.47619045,122343079.57142857,146745728.23809522,87904248.1904762,38095166.38095238,0.1725,15.89,762200.0291666667,102312.3,129508.54166666667,128466.3125,123363.44166666667,154530.99166666667,92520.29166666667,130998.325,491284.0208333333,486778.2083333333,119931.5,20502.5,34632.75,30144.75,21632.25
구로구,2021,일식음식점,518892301.8055556,110741913.72222222,131841401.8888889,78453367.0,57090566.472222224,0.2054,10.06,762200.0291666667,102312.3,129508.54166666667,128466.3125,123363.44166666667,154530.99166666667,92520.29166666667,130998.325,491284.0208333333,486778.2083333333,119931.5,20502.5,34632.75,30144.75,21632.25
구로구,2021,중식음식점,395240296.7604167,59385020.84375,96247884.89583333,84801584.54166667,69043381.79166667,0.2738,9.94,762200.0291666667,102312.3,129508.54166666667,128466.3125,123363.44166666667,154530.99166666667,92520.29166666667,130998.325,491284.0208333333,486778.2083333333,119931.5,20502.5,34632.75,30144.75,21632.25
구로구,2021,치킨전문점,91827841.95049505,12537894.02970297,16903999.534653466,22511622.792079207,21825555.91089109,0.2995,14.97,762200.0291666667,102312.3,129508.54166666667,128466.3125,123363.44166666667,154530.99166666667,92520.29166666667,130998.325,491284.0208333333,486778.2083333333,119931.5,20502.5,34632.75,30144.75,21632.25
구로구,2021,커피-음료,336939660.8357143,89116564.17857143,98477328.58571428,61644292.99285714,35415278.54285714,0.1936,12.62,762200.0291666667,102312.3,129508.54166666667,128466.3125,123363.44166666667,154530.99166666667,92520.29166666667,130998.325,491284.0208333333,486778.2083333333,119931.5,20502.5,34632.75,30144.75,21632.25
구로구,2021,한식음식점,1408615170.0841122,197973046.0,281719011.06542057,269761048.3224299,263173659.28037384,0.2388,13.28,762200.0291666667,102312.3,129508.54166666667,128466.3125,123363.44166666667,154530.99166666667,92520.29166666667,130998.325,491284.0208333333,486778.2083333333,119931.5,20502.5,34632.75,30144.75,21632.25
구로구,2022,분식전문점,295375310.699187,55602972.47154471,71492840.46341464,62905400.16260163,45911059.8699187,0.2373,11.78,755088.5166666667,100071.97916666667,130298.47916666667,127876.7875,125592.50416666667,152496.29583333334,90537.1625,129714.97916666667,523020.3541666667,519795.7291666667,124966.0,20893.0,35720.5,31416.0,23067.0
구로구,2022,양식음식점,578633933.0,120754106.54166667,169026566.29166666,105691381.0,50820720.666666664,0.1749,11.88,755088.5166666667,100071.97916666667,130298.47916666667,127876.7875,125592.50416666667,152496.29583333334,90537.1625,129714.97916666667,523020.3541666667,519795.7291666667,124966.0,20893.0,35720.5,31416.0,23067.0
구로구,2022,일식음식점,491202242.61904764,96365576.02380952,135191011.92857143,75851801.21428572,56417783.833333336,0.2353,10.24,755088.5166666667,100071.97916666667,130298.47916666667,127876.7875,125592.50416666667,152496.29583333334,90537.1625,129714.97916666667,523020.3541666667,519795.7291666667,124966.0,20893.0,35720.5,31416.0,23067.0
구로구,2022,중식음식점,449921998.3020833,61807504.458333336,107769476.91666667,90109590.21875,86405662.28125,0.2977,8.09,755088.5166666667,100071.97916666667,130298.47916666667,127876.7875,125592.50416666667,152496.29583333334,90537.1625,129714.97916666667,523020.3541666667,519795.7291666667,124966.0,20893.0,35720.5,31416.0,23067.0
구로구,2022,치킨전문점,126562940.69767442,16330209.15116279,24734337.31395349,28557661.860465117,29290214.58139535,0.2992,8.84,755088.5166666667,100071.97916666667,130298.47916666667,127876.7875,125592.50416666667,152496.29583333334,90537.1625,129714.97916666667,523020.3541666667,519795.7291666667,124966.0,20893.0,35720.5,31416.0,23067.0
구로구,2022,커피-음료,368714373.6666667,86884635.5106383,109189901.26241134,68233929.83687943,43521497.25531915,0.2041,10.73,755088.5166666667,100071.97916666667,130298.47916666667,127876.7875,125592.50416666667,152496.29583333334,90537.1625,129714.97916666667,523020.3541666667,519795.7291666667,124966.0,20893.0,35720.5,31416.0,23067.0
구로구,2022,한식음식점,1697534967.2418604,217424000.06976745,344476532.3116279,306258010.73953485,316868205.0093023,0.2519,8.74,755088.5166666667,100071.97916666667,130298.47916666667,127876.7875,125592.50416666667,152496.29583333334,90537.1625,129714.97916666667,523020.3541666667,519795.7291666667,124966.0,20893.0,35720.5,31416.0,23067.0
구로구,2023,분식전문점,305908406.128,51591964.912,76441298.592,64100385.712,51231506.928,0.2367,11.71,760717.9416666667,99648.5625,131534.95416666666,129354.36666666667,127460.2125,153867.0,91127.17916666667,130625.8875,554746.1770833334,547266.5,123057.5,20603.0,35425.75,30954.5,22518.0
구로구,2023,양식음식점,480498222.96153843,84803006.65384616,142140861.34615386,90927336.3076923,48278330.42307692,0.1795,10.1,760717.9416666667,99648.5625,131534.95416666666,129354.36666666667,127460.2125,153867.0,91127.17916666667,130625.8875,554746.1770833334,547266.5,123057.5,20603.0,35425.75,30954.5,22518.0
구로구,2023,일식음식점,482621818.44186044,85853447.90697674,131643795.86046511,85345202.13953489,56585963.81395349,0.2529,13.14,760717.9416666667,99648.5625,131534.95416666666,129354.36666666667,127460.2125,153867.0,91127.17916666667,130625.8875,554746.1770833334,547266.5,123057.5,20603.0,35425.75,30954.5,22518.0
구로구,2023,중식음식점,468593646.2222222,56831699.80808081,111278797.9090909,94324370.010101,92768910.25252526,0.2996,8.06,760717.9416666667,99648.5625,131534.95416666666,129354.36666666667,127460.2125,153867.0,91127.17916666667,130625.8875,554746.1770833334,547266.5,123057.5,20603.0,35425.75,30954.5,22518.0
구로구,2023,치킨전문점,123691685.2804878,14316978.93902439,24066917.426829267,28113787.414634146,28827724.18292683,0.3048,9.0,760717.9416666667,99648.5625,131534.95416666666,129354.36666666667,127460.2125,153867.0,91127.17916666667,130625.8875,554746.1770833334,547266.5,123057.5,20603.0,35425.75,30954.5,22518.0
구로구,2023,커피-음료,347302763.26573426,70787479.16083916,99014290.44055945,65828792.58741259,44505453.47552448,0.1993,14.29,760717.9416666667,99648.5625,131534.95416666666,129354.36666666667,127460.2125,153867.0,91127.17916666667,130625.8875,554746.1770833334,547266.5,123057.5,20603.0,35425.75,30954.5,22518.0
구로구,2023,한식음식점,1881387309.267281,208459164.8940092,374746337.88018435,319284847.80184335,345034685.9447005,0.2444,7.87,760717.9416666667,99648.5625,131534.95416666666,129354.36666666667,127460.2125,153867.0,91127.17916666667,130625.8875,554746.1770833334,547266.5,123057.5,20603.0,35425.75,30954.5,22518.0
구로구,2024,분식전문점,279964548.9512195,39050368.76422764,67872918.15447155,59630694.3495935,51610140.26829268,0.2396,12.13,753533.3875,96563.74166666667,128327.35833333334,127800.05833333333,126681.79166666667,153172.80416666667,90536.37083333333,128956.58333333333,562556.7083333334,554321.7083333334,126978.25,20847.5,36426.75,31889.0,23539.25
구로구,2024,양식음식점,351590445.0,55961299.57692308,101484867.38461539,67525226.46153846,36413004.5,0.1696,16.33,753533.3875,96563.74166666667,128327.35833333334,127800.05833333333,126681.79166666667,153172.80416666667,90536.37083333333,128956.58333333333,562556.7083333334,554321.7083333334,126978.25,20847.5,36426.75,31889.0,23539.25
구로구,2024,일식음식점,456879000.6363636,68424276.97727273,116683265.54545455,83746179.61363636,63068248.75,0.2584,12.21,753533.3875,96563.74166666667,128327.35833333334,127800.05833333333,126681.79166666667,153172.80416666667,90536.37083333333,128956.58333333333,562556.7083333334,554321.7083333334,126978.25,20847.5,36426.75,31889.0,23539.25
구로구,2024,중식음식점,422555255.7920792,45831449.33663366,99841793.52475247,83254570.46534653,85426979.42574258,0.2993,13.58,753533.3875,96563.74166666667,128327.35833333334,127800.05833333333,126681.79166666667,153172.80416666667,90536.37083333333,128956.58333333333,562556.7083333334,554321.7083333334,126978.25,20847.5,36426.75,31889.0,23539.25
구로구,2024,치킨전문점,123862954.8,12401524.775,23960712.6625,25539929.8125,30280787.3375,0.2991,9.88,753533.3875,96563.74166666667,128327.35833333334,127800.05833333333,126681.79166666667,153172.80416666667,90536.37083333333,128956.58333333333,562556.7083333334,554321.7083333334,126978.25,20847.5,36426.75,31889.0,23539.25
구로구,2024,커피-음료,346938874.0699301,60932829.37762238,99715178.76223776,65992629.461538464,48205290.32167832,0.2039,13.05,753533.3875,96563.74166666667,128327.35833333334,127800.05833333333,126681.79166666667,153172.80416666667,90536.37083333333,128956.58333333333,562556.7083333334,554321.7083333334,126978.25,20847.5,36426.75,31889.0,23539.25
구로구,2024,한식음식점,1984476862.324074,200766540.4351852,403560002.587963,326391212.0972222,359646563.6527778,0.2434,8.13,753533.3875,96563.74166666667,128327.35833333334,127800.05833333333,126681.79166666667,153172.80416666667,90536.37083333333,128956.58333333333,562556.7083333334,554321.7083333334,126978.25,20847.5,36426.75,31889.0,23539.25
금천구,2019,분식전문점,268534057.18085104,55140116.70212766,61309547.02127659,52221056.627659574,34047624.11702128,0.1679,9.05,595746.6722222222,85264.51666666666,102682.2,94518.11111111111,101626.22777777778,121738.17777777778,69120.27777777778,97654.01111111112,847599.5,885913.25,110694.0,19147.0,30503.0,26108.0,18519.0
금천구,2019,양식음식점,1365843029.625,259655760.75,435066677.75,255019881.5,72978524.0,0.1919,17.07,595746.6722222222,85264.51666666666,102682.2,94518.11111111111,101626.22777777778,121738.17777777778,69120.27777777778,97654.01111111112,847599.5,885913.25,110694.0,19147.0,30503.0,26108.0,18519.0
금천구,2019,일식음식점,911590481.3076923,172965798.07692307,204247228.07692307,151877507.30769232,74583019.53846154,0.138,12.5,595746.6722222222,85264.51666666666,102682.2,94518.11111111111,101626.22777777778,121738.17777777778,69120.27777777778,97654.01111111112,847599.5,885913.25,110694.0,19147.0,30503.0,26108.0,18519.0
금천구,2019,중식음식점,322657035.29310346,38652803.48275862,63758011.48275862,57710918.96551724,41915089.48275862,0.2011,7.14,595746.6722222222,85264.51666666666,102682.2,94518.11111111111,101626.22777777778,121738.17777777778,69120.27777777778,97654.01111111112,847599.5,885913.25,110694.0,19147.0,30503.0,26108.0,18519.0
금천구,2019,치킨전문점,130906229.08928572,24532834.14285714,30330802.10714286,32292237.089285713,23280144.839285713,0.2742,4.73,595746.6722222222,85264.51666666666,102682.2,94518.11111111111,101626.22777777778,121738.17777777778,69120.27777777778,97654.01111111112,847599.5,885913.25,110694.0,19147.0,30503.0,26108.0,18519.0
금천구,2019,커피-음료,1097873980.767857,189082458.75,301963421.46428573,303466893.96428573,163425317.51785713,0.368,12.68,595746.6722222222,85264.51666666666,102682.2,94518.11111111111,101626.22777777778,121738.17777777778,69120.27777777778,97654.01111111112,847599.5,885913.25,110694.0,19147.0,30503.0,26108.0,18519.0
금천구,2019,한식음식점,1404706230.067073,184049648.68292683,259367444.15243903,274595771.11585367,258811501.4390244,0.2164,7.17,595746.6722222222,85264.51666666666,102682.2,94518.11111111111,101626.22777777778,121738.17777777778,69120.27777777778,97654.01111111112,847599.5,885913.25,110694.0,19147.0,30503.0,26108.0,18519.0
금천구,2020,분식전문점,252580138.7142857,47439507.25510204,56387184.1632653,48416113.75510204,34686496.45918367,0.1482,6.42,589160.8611111111,87836.63333333333,103941.0611111111,92408.51111111112,98613.10555555555,120736.41111111111,69339.70555555556,96599.20555555556,724043.4583333334,760517.7083333334,112988.25,19585.0,31221.0,26687.25,18879.25
금천구,2020,양식음식점,1185800722.625,247130717.75,358938736.5,204448520.25,82985672.875,0.1648,5.26,589160.8611111111,87836.63333333333,103941.0611111111,92408.51111111112,98613.10555555555,120736.41111111111,69339.70555555556,96599.20555555556,724043.4583333334,760517.7083333334,112988.25,19585.0,31221.0,26687.25,18879.25
금천구,2020,일식음식점,1070536112.1538461,211011653.92307693,237892197.30769232,169815611.46153846,102395886.61538461,0.1232,12.82,589160.8611111111,87836.63333333333,103941.0611111111,92408.51111111112,98613.10555555555,120736.41111111111,69339.70555555556,96599.20555555556,724043.4583333334,760517.7083333334,112988.25,19585.0,31221.0,26687.25,18879.25
금천구,2020,중식음식점,310627947.7758621,37982448.89655172,62243466.9137931,56850894.844827585,42252063.60344828,0.1845,8.47,589160.8611111111,87836.63333333333,103941.0611111111,92408.51111111112,98613.10555555555,120736.41111111111,69339.70555555556,96599.20555555556,724043.4583333334,760517.7083333334,112988.25,19585.0,31221.0,26687.25,18879.25
금천구,2020,치킨전문점,108901678.17741935,18279707.822580647,24729593.79032258,27339652.629032258,22431338.112903226,0.287,7.49,589160.8611111111,87836.63333333333,103941.0611111111,92408.51111111112,98613.10555555555,120736.41111111111,69339.70555555556,96599.20555555556,724043.4583333334,760517.7083333334,112988.25,19585.0,31221.0,26687.25,18879.25
금천구,2020,커피-음료,928717920.5277778,168610535.08333334,252509397.30555555,237659643.75,143724825.18055555,0.3179,8.33,589160.8611111111,87836.63333333333,103941.0611111111,92408.51111111112,98613.10555555555,120736.41111111111,69339.70555555556,96599.20555555556,724043.4583333334,760517.7083333334,112988.25,19585.0,31221.0,26687.25,18879.25
금천구,2020,한식음식점,1356722623.8292682,180634744.75,248770378.81707317,258500551.56707317,264615399.96341464,0.2048,6.32,589160.8611111111,87836.63333333333,103941.0611111111,92408.51111111112,98613.10555555555,120736.41111111111,69339.70555555556,96599.20555555556,724043.4583333334,760517.7083333334,112988.25,19585.0,31221.0,26687.25,18879.25
금천구,2021,분식전문점,285120933.45714283,50878449.342857145,66138523.81904762,55168548.276190475,39693291.53333333,0.1528,7.93,571705.588888889,87088.12777777777,102437.36111111111,90432.8111111111,96527.11666666667,116719.25555555556,66929.77222222222,94067.17777777778,741848.75,774845.5416666666,119845.0,20891.75,33390.5,28435.5,19967.5
금천구,2021,양식음식점,1299067752.125,256230132.625,341994151.125,253791530.125,103403211.5,0.1784,11.63,571705.588888889,87088.12777777777,102437.36111111111,90432.8111111111,96527.11666666667,116719.25555555556,66929.77222222222,94067.17777777778,741848.75,774845.5416666666,119845.0,20891.75,33390.5,28435.5,19967.5
금천구,2021,일식음식점,1318600819.857143,256358354.57142857,286543399.35714287,199422201.64285713,118733052.0,0.1163,5.95,571705.588888889,87088.12777777777,102437.36111111111,90432.8111111111,96527.11666666667,116719.25555555556,66929.77222222222,94067.17777777778,741848.75,774845.5416666666,119845.0,20891.75,33390.5,28435.5,19967.5
금천구,2021,중식음식점,438035714.1594203,50703314.52173913,90742057.79710145,86313834.01449275,68329364.26086956,0.2114,9.22,571705.588888889,87088.12777777777,102437.36111111111,90432.8111111111,96527.11666666667,116719.25555555556,66929.77222222222,94067.17777777778,741848.75,774845.5416666666,119845.0,20891.75,33390.5,28435.5,19967.5
금천구,2021,치킨전문점,125726509.2688172,21411463.451612905,25703378.795698926,30216937.892473117,25271226.268817205,0.2501,10.07,571705.588888889,87088.12777777777,102437.36111111111,90432.8111111111,96527.11666666667,116719.25555555556,66929.77222222222,94067.17777777778,741848.75,774845.5416666666,119845.0,20891.75,33390.5,28435.5,19967.5
금천구,2021,커피-음료,903118609.1764706,174467322.72549018,246784139.17647058,205781702.99019608,134617014.0,0.2711,12.06,571705.588888889,87088.12777777777,102437.36111111111,90432.8111111111,96527.11666666667,116719.25555555556,66929.77222222222,94067.17777777778,741848.75,774845.5416666666,119845.0,20891.75,33390.5,28435.5,19967.5
금천구,2021,한식음식점,1567845567.7987804,188314507.4390244,278342882.4207317,285222538.3902439,312009099.8292683,0.1951,9.73,571705.588888889,87088.12777777777,102437.36111111111,90432.8111111111,96527.11666666667,116719.25555555556,66929.77222222222,94067.17777777778,741848.75,774845.5416666666,119845.0,20891.75,33390.5,28435.5,19967.5
금천구,2022,분식전문점,295277843.9375,48819025.883928575,69277950.41071428,56485727.508928575,47440216.10714286,0.16,6.36,567498.7777777778,87175.91111111111,103298.97777777778,89607.92777777778,96574.60555555555,115710.66666666667,65972.25555555556,93546.5611111111,761975.625,796710.375,119743.75,20849.5,33430.25,28471.25,19994.0
금천구,2022,양식음식점,1372489192.875,241874002.125,362082408.5,260967182.125,118469789.0,0.1625,12.77,567498.7777777778,87175.91111111111,103298.97777777778,89607.92777777778,96574.60555555555,115710.66666666667,65972.25555555556,93546.5611111111,761975.625,796710.375,119743.75,20849.5,33430.25,28471.25,19994.0
금천구,2022,일식음식점,969211767.6842105,166282631.10526314,216583341.89473686,150354183.52631578,100174248.73684211,0.1172,6.32,567498.7777777778,87175.91111111111,103298.97777777778,89607.92777777778,96574.60555555555,115710.66666666667,65972.25555555556,93546.5611111111,761975.625,796710.375,119743.75,20849.5,33430.25,28471.25,19994.0
금천구,2022,중식음식점,446692138.6756757,50602074.81081081,94923955.67567568,87329507.37837838,79157763.6081081,0.2339,11.87,567498.7777777778,87175.91111111111,103298.97777777778,89607.92777777778,96574.60555555555,115710.66666666667,65972.25555555556,93546.5611111111,761975.625,796710.375,119743.75,20849.5,33430.25,28471.25,19994.0
금천구,2022,치킨전문점,129772351.93181819,20195083.431818184,27750624.5,29633294.818181816,27625980.09090909,0.2633,8.24,567498.7777777778,87175.91111111111,103298.97777777778,89607.92777777778,96574.60555555555,115710.66666666667,65972.25555555556,93546.5611111111,761975.625,796710.375,119743.75,20849.5,33430.25,28471.25,19994.0
금천구,2022,커피-음료,904635317.3269231,161130708.125,242520347.55769232,212123741.08653846,147174760.55769232,0.2836,10.94,567498.7777777778,87175.91111111111,103298.97777777778,89607.92777777778,96574.60555555555,115710.66666666667,65972.25555555556,93546.5611111111,761975.625,796710.375,119743.75,20849.5,33430.25,28471.25,19994.0
금천구,2022,한식음식점,1829663906.5722892,202129943.43975905,332801241.4578313,318766089.62650603,366048330.17469877,0.2088,9.15,567498.7777777778,87175.91111111111,103298.97777777778,89607.92777777778,96574.60555555555,115710.66666666667,65972.25555555556,93546.5611111111,761975.625,796710.375,119743.75,20849.5,33430.25,28471.25,19994.0
금천구,2023,분식전문점,308060702.2616823,44790475.48598131,70729865.57009345,60387198.24299066,49771862.57943925,0.1518,8.92,546062.5055555556,81108.12777777777,100392.04444444444,87521.85,92988.75,111679.9388888889,63347.75555555556,89636.33333333333,800481.9583333334,836725.875,119524.25,20861.25,33491.75,28485.75,19889.75
금천구,2023,양식음식점,1405911936.125,193155150.625,358794498.25,270466935.875,138003446.0,0.147,12.37,546062.5055555556,81108.12777777777,100392.04444444444,87521.85,92988.75,111679.9388888889,63347.75555555556,89636.33333333333,800481.9583333334,836725.875,119524.25,20861.25,33491.75,28485.75,19889.75
금천구,2023,일식음식점,963989863.3157895,146659758.63157895,218291404.2631579,144721790.0,97828805.15789473,0.1174,15.18,546062.5055555556,81108.12777777777,100392.04444444444,87521.85,92988.75,111679.9388888889,63347.75555555556,89636.33333333333,800481.9583333334,836725.875,119524.25,20861.25,33491.75,28485.75,19889.75
금천구,2023,중식음식점,436417343.80263156,43124830.65789474,92953064.23684211,83938751.06578948,79174046.42105263,0.2256,9.33,546062.5055555556,81108.12777777777,100392.04444444444,87521.85,92988.75,111679.9388888889,63347.75555555556,89636.33333333333,800481.9583333334,836725.875,119524.25,20861.25,33491.75,28485.75,19889.75
금천구,2023,치킨전문점,146304879.80487806,20568620.30487805,31721961.719512194,32403352.0,31867010.5,0.2592,8.72,546062.5055555556,81108.12777777777,100392.04444444444,87521.85,92988.75,111679.9388888889,63347.75555555556,89636.33333333333,800481.9583333334,836725.875,119524.25,20861.25,33491.75,28485.75,19889.75
금천구,2023,커피-음료,740748965.8411216,125064485.5046729,201938804.37383178,155797288.39252338,121772131.59813084,0.2197,11.67,546062.5055555556,81108.12777777777,100392.04444444444,87521.85,92988.75,111679.9388888889,63347.75555555556,89636.33333333333,800481.9583333334,836725.875,119524.25,20861.25,33491.75,28485.75,19889.75
금천구,2023,한식음식점,1974690178.2619047,185018916.57738096,362671611.0654762,334139585.17261904,392884397.0,0.2068,8.17,546062.5055555556,81108.12777777777,100392.04444444444,87521.85,92988.75,111679.9388888889,63347.75555555556,89636.33333333333,800481.9583333334,836725.875,119524.25,20861.25,33491.75,28485.75,19889.75
금천구,2024,분식전문점,316696601.61538464,41834272.72115385,76531768.97115384,62402033.913461536,56127950.211538464,0.1541,9.41,526399.2388888889,78025.1888888889,96582.87777777777,84737.52777777778,89149.07222222222,108145.71666666666,60904.4,86014.66111111111,816108.0833333334,849509.4166666666,122202.0,21635.25,34650.25,29258.75,20065.75
금천구,2024,양식음식점,1270551546.5,158956386.5,318162591.375,257959814.125,149715397.875,0.2294,12.0,526399.2388888889,78025.1888888889,96582.87777777777,84737.52777777778,89149.07222222222,108145.71666666666,60904.4,86014.66111111111,816108.0833333334,849509.4166666666,122202.0,21635.25,34650.25,29258.75,20065.75
금천구,2024,일식음식점,828706060.55,123393660.35,200892098.15,120474965.45,93192581.05,0.1024,9.02,526399.2388888889,78025.1888888889,96582.87777777777,84737.52777777778,89149.07222222222,108145.71666666666,60904.4,86014.66111111111,816108.0833333334,849509.4166666666,122202.0,21635.25,34650.25,29258.75,20065.75
금천구,2024,중식음식점,478172356.6486486,45348349.39189189,101975272.63513513,87294495.48648648,76328493.24324325,0.1978,12.5,526399.2388888889,78025.1888888889,96582.87777777777,84737.52777777778,89149.07222222222,108145.71666666666,60904.4,86014.66111111111,816108.0833333334,849509.4166666666,122202.0,21635.25,34650.25,29258.75,20065.75
금천구,2024,치킨전문점,143759165.2820513,16826717.051282052,31003101.371794872,29549684.948717948,32390202.717948716,0.2442,8.48,526399.2388888889,78025.1888888889,96582.87777777777,84737.52777777778,89149.07222222222,108145.71666666666,60904.4,86014.66111111111,816108.0833333334,849509.4166666666,122202.0,21635.25,34650.25,29258.75,20065.75
금천구,2024,커피-음료,563852222.2589285,95281708.83035715,168365646.25892857,106885853.66964285,73140525.41071428,0.1413,9.96,526399.2388888889,78025.1888888889,96582.87777777777,84737.52777777778,89149.07222222222,108145.71666666666,60904.4,86014.66111111111,816108.0833333334,849509.4166666666,122202.0,21635.25,34650.25,29258.75,20065.75
금천구,2024,한식음식점,2013195261.6607144,169631393.89880952,376524139.52380955,327915476.8154762,394770221.5952381,0.2021,9.55,526399.2388888889,78025.1888888889,96582.87777777777,84737.52777777778,89149.07222222222,108145.71666666666,60904.4,86014.66111111111,816108.0833333334,849509.4166666666,122202.0,21635.25,34650.25,29258.75,20065.75
노원구,2019,분식전문점,234947539.78,51526573.4,45940901.49,71661370.67,39870237.79,0.3028,12.24,912099.880952381,148889.4642857143,109276.41666666667,130652.83333333333,142826.66666666666,178627.63095238095,114453.375,171697.61904761905,404201.6617647059,393680.1617647059,25923.0,3097.0,5185.0,6305.0,6804.0
노원구,2019,양식음식점,1227661490.9615386,246909602.76923078,335365227.46153843,348023573.0,179089808.5,0.4081,11.11,912099.880952381,148889.4642857143,109276.41666666667,130652.83333333333,142826.66666666666,178627.63095238095,114453.375,171697.61904761905,404201.6617647059,393680.1617647059,25923.0,3097.0,5185.0,6305.0,6804.0
노원구,2019,일식음식점,315616338.0,74119058.48148148,51110011.777777776,63530159.44444445,46706740.333333336,0.2598,8.33,912099.880952381,148889.4642857143,109276.41666666667,130652.83333333333,142826.66666666666,178627.63095238095,114453.375,171697.61904761905,404201.6617647059,393680.1617647059,25923.0,3097.0,5185.0,6305.0,6804.0
노원구,2019,중식음식점,265783897.09302327,48668434.27906977,51232393.23255814,65794750.13953488,48510530.53488372,0.3597,6.52,912099.880952381,148889.4642857143,109276.41666666667,130652.83333333333,142826.66666666666,178627.63095238095,114453.375,171697.61904761905,404201.6617647059,393680.1617647059,25923.0,3097.0,5185.0,6305.0,6804.0
노원구,2019,치킨전문점,171726392.93506494,39757296.45454545,31722509.61038961,49807476.48051948,33681771.48051948,0.327,10.42,912099.880952381,148889.4642857143,109276.41666666667,130652.83333333333,142826.66666666666,178627.63095238095,114453.375,171697.61904761905,404201.6617647059,393680.1617647059,25923.0,3097.0,5185.0,6305.0,6804.0
노원구,2019,커피-음료,345016663.407767,131293347.53398058,71698105.94174758,67130776.11650485,41895491.17475728,0.3246,12.24,912099.880952381,148889.4642857143,109276.41666666667,130652.83333333333,142826.66666666666,178627.63095238095,114453.375,171697.61904761905,404201.6617647059,393680.1617647059,25923.0,3097.0,5185.0,6305.0,6804.0
노원구,2019,한식음식점,1845695594.6764705,328591591.8455882,323794221.8602941,430306907.3897059,388200888.3308824,0.34,9.58,912099.880952381,148889.4642857143,109276.41666666667,130652.83333333333,142826.66666666666,178627.63095238095,114453.375,171697.61904761905,404201.6617647059,393680.1617647059,25923.0,3097.0,5185.0,6305.0,6804.0
노원구,2020,분식전문점,216690550.9245283,41724803.679245286,40025111.76415094,65102104.60377359,43367082.094339624,0.2969,6.7,910466.9821428572,146728.67857142858,110222.56547619047,130528.33333333333,141185.11904761905,178849.08333333334,114963.36309523809,170166.27976190476,302530.4460784314,295275.56862745096,25818.5,3079.75,5168.25,6286.25,6781.25
노원구,2020,양식음식점,932846919.3214285,222716438.35714287,236142822.35714287,246560360.64285713,148190045.17857143,0.3965,7.69,910466.9821428572,146728.67857142858,110222.56547619047,130528.33333333333,141185.11904761905,178849.08333333334,114963.36309523809,170166.27976190476,302530.4460784314,295275.56862745096,25818.5,3079.75,5168.25,6286.25,6781.25
노원구,2020,일식음식점,277624110.8333333,61558471.166666664,45011085.333333336,53375922.1,46098942.13333333,0.2532,9.14,910466.9821428572,146728.67857142858,110222.56547619047,130528.33333333333,141185.11904761905,178849.08333333334,114963.36309523809,170166.27976190476,302530.4460784314,295275.56862745096,25818.5,3079.75,5168.25,6286.25,6781.25
노원구,2020,중식음식점,184886374.9827586,31788291.689655174,34220409.0,44719554.89655172,36969654.29310345,0.3371,9.72,910466.9821428572,146728.67857142858,110222.56547619047,130528.33333333333,141185.11904761905,178849.08333333334,114963.36309523809,170166.27976190476,302530.4460784314,295275.56862745096,25818.5,3079.75,5168.25,6286.25,6781.25
노원구,2020,치킨전문점,143491973.88505748,28013355.528735634,23895498.172413792,41189017.85057471,34285139.63218391,0.3413,8.86,910466.9821428572,146728.67857142858,110222.56547619047,130528.33333333333,141185.11904761905,178849.08333333334,114963.36309523809,170166.27976190476,302530.4460784314,295275.56862745096,25818.5,3079.75,5168.25,6286.25,6781.25
노원구,2020,커피-음료,333391127.1363636,130034779.36363636,70284910.07272728,59807468.627272725,42104460.263636366,0.3129,9.73,910466.9821428572,146728.67857142858,110222.56547619047,130528.33333333333,141185.11904761905,178849.08333333334,114963.36309523809,170166.27976190476,302530.4460784314,295275.56862745096,25818.5,3079.75,5168.25,6286.25,6781.25
노원구,2020,한식음식점,1686965613.4571428,297206063.1357143,280068697.3642857,369856008.60714287,385271836.7285714,0.3262,7.69,910466.9821428572,146728.67857142858,110222.56547619047,130528.33333333333,141185.11904761905,178849.08333333334,114963.36309523809,170166.27976190476,302530.4460784314,295275.56862745096,25818.5,3079.75,5168.25,6286.25,6781.25
노원구,2021,분식전문점,245734539.36134455,43617368.7394958,42877782.38655462,72684882.64705883,55066432.88235294,0.3054,8.87,880543.9583333334,135744.55952380953,107043.92857142857,125734.98214285714,138509.27976190476,173679.77380952382,111026.95833333333,163510.625,304698.1176470588,298157.71078431373,26685.0,3158.0,5340.5,6513.5,7031.25
노원구,2021,양식음식점,953102813.7419355,214741724.22580644,246637528.32258064,245467113.4516129,156035281.96774194,0.431,7.86,880543.9583333334,135744.55952380953,107043.92857142857,125734.98214285714,138509.27976190476,173679.77380952382,111026.95833333333,163510.625,304698.1176470588,298157.71078431373,26685.0,3158.0,5340.5,6513.5,7031.25
노원구,2021,일식음식점,273026551.5294118,50823815.64705882,42826806.294117644,46216923.441176474,52036984.558823526,0.2357,7.65,880543.9583333334,135744.55952380953,107043.92857142857,125734.98214285714,138509.27976190476,173679.77380952382,111026.95833333333,163510.625,304698.1176470588,298157.71078431373,26685.0,3158.0,5340.5,6513.5,7031.25
노원구,2021,중식음식점,187249512.52857143,29524209.257142857,31990440.971428573,43623414.17142857,39036818.342857145,0.3334,5.37,880543.9583333334,135744.55952380953,107043.92857142857,125734.98214285714,138509.27976190476,173679.77380952382,111026.95833333333,163510.625,304698.1176470588,298157.71078431373,26685.0,3158.0,5340.5,6513.5,7031.25
노원구,2021,치킨전문점,138897785.25619835,24392962.512396693,21068192.008264463,37829367.68595041,36226346.46280992,0.3379,9.86,880543.9583333334,135744.55952380953,107043.92857142857,125734.98214285714,138509.27976190476,173679.77380952382,111026.95833333333,163510.625,304698.1176470588,298157.71078431373,26685.0,3158.0,5340.5,6513.5,7031.25
노원구,2021,커피-음료,499471324.8968254,179003943.7857143,102281998.31746031,94640284.22222222,67803436.03174603,0.3343,10.99,880543.9583333334,135744.55952380953,107043.92857142857,125734.98214285714,138509.27976190476,173679.77380952382,111026.95833333333,163510.625,304698.1176470588,298157.71078431373,26685.0,3158.0,5340.5,6513.5,7031.25
노원구,2021,한식음식점,1896702124.5724638,293897579.92753625,298242498.89855075,393626601.1594203,451361542.3623188,0.3245,8.66,880543.9583333334,135744.55952380953,107043.92857142857,125734.98214285714,138509.27976190476,173679.77380952382,111026.95833333333,163510.625,304698.1176470588,298157.71078431373,26685.0,3158.0,5340.5,6513.5,7031.25
노원구,2022,분식전문점,267126631.01694915,42356413.88983051,45264062.55932204,75414572.34745763,64509850.61016949,0.3126,10.89,860310.005952381,133899.7380952381,104800.03571428571,120540.45238095238,135104.7142857143,169311.64285714287,107499.10714285714,159296.59523809524,329744.31862745096,321622.887254902,29393.0,3448.75,5845.0,7165.5,7765.25
노원구,2022,양식음식점,930866577.21875,162371038.28125,220550452.03125,270484880.4375,175289922.21875,0.4165,6.76,860310.005952381,133899.7380952381,104800.03571428571,120540.45238095238,135104.7142857143,169311.64285714287,107499.10714285714,159296.59523809524,329744.31862745096,321622.887254902,29393.0,3448.75,5845.0,7165.5,7765.25
노원구,2022,일식음식점,255861865.7027027,44096445.81081081,43977534.24324324,44839272.24324324,48973641.24324324,0.2429,8.46,860310.005952381,133899.7380952381,104800.03571428571,120540.45238095238,135104.7142857143,169311.64285714287,107499.10714285714,159296.59523809524,329744.31862745096,321622.887254902,29393.0,3448.75,5845.0,7165.5,7765.25
노원구,2022,중식음식점,226801349.21875,32762706.921875,38365815.671875,52086985.4375,49129072.125,0.3466,7.38,860310.005952381,133899.7380952381,104800.03571428571,120540.45238095238,135104.7142857143,169311.64285714287,107499.10714285714,159296.59523809524,329744.31862745096,321622.887254902,29393.0,3448.75,5845.0,7165.5,7765.25
노원구,2022,치킨전문점,161474336.88181818,27215476.045454547,25924361.436363637,41748778.45454545,43050839.30909091,0.3444,5.43,860310.005952381,133899.7380952381,104800.03571428571,120540.45238095238,135104.7142857143,169311.64285714287,107499.10714285714,159296.59523809524,329744.31862745096,321622.887254902,29393.0,3448.75,5845.0,7165.5,7765.25
노원구,2022,커피-음료,540880149.1869918,166168077.30081302,113719198.39837398,103718754.49593496,84424315.2195122,0.3477,11.85,860310.005952381,133899.7380952381,104800.03571428571,120540.45238095238,135104.7142857143,169311.64285714287,107499.10714285714,159296.59523809524,329744.31862745096,321622.887254902,29393.0,3448.75,5845.0,7165.5,7765.25
노원구,2022,한식음식점,2341294848.1985292,329370304.02205884,385017345.39705884,466205076.88235295,557885426.1544118,0.3401,7.2,860310.005952381,133899.7380952381,104800.03571428571,120540.45238095238,135104.7142857143,169311.64285714287,107499.10714285714,159296.59523809524,329744.31862745096,321622.887254902,29393.0,3448.75,5845.0,7165.5,7765.25
노원구,2023,분식전문점,297342627.7217391,44656917.37391304,50260556.76521739,84089927.97391304,71905042.64347826,0.3203,9.04,838029.375,134465.82142857142,103172.35119047618,117585.81547619047,131894.6607142857,164791.52976190476,104313.17857142857,155082.6369047619,352168.53921568627,343849.112745098,29625.25,3477.0,5821.5,7176.75,7843.0
노원구,2023,양식음식점,809878202.8684211,116501895.28947368,186979178.65789473,240032278.13157895,161344320.71052632,0.4093,12.14,838029.375,134465.82142857142,103172.35119047618,117585.81547619047,131894.6607142857,164791.52976190476,104313.17857142857,155082.6369047619,352168.53921568627,343849.112745098,29625.25,3477.0,5821.5,7176.75,7843.0
노원구,2023,일식음식점,224674860.5106383,34530839.5106383,38602243.65957447,40931394.44680851,46166081.5319149,0.2457,6.1,838029.375,134465.82142857142,103172.35119047618,117585.81547619047,131894.6607142857,164791.52976190476,104313.17857142857,155082.6369047619,352168.53921568627,343849.112745098,29625.25,3477.0,5821.5,7176.75,7843.0
노원구,2023,중식음식점,252588796.171875,35342107.921875,43932563.75,57274284.71875,54001867.1875,0.3391,11.41,838029.375,134465.82142857142,103172.35119047618,117585.81547619047,131894.6607142857,164791.52976190476,104313.17857142857,155082.6369047619,352168.53921568627,343849.112745098,29625.25,3477.0,5821.5,7176.75,7843.0
노원구,2023,치킨전문점,159150289.5225225,24542020.342342343,25892257.74774775,39300062.783783786,43854529.95495495,0.345,10.08,838029.375,134465.82142857142,103172.35119047618,117585.81547619047,131894.6607142857,164791.52976190476,104313.17857142857,155082.6369047619,352168.53921568627,343849.112745098,29625.25,3477.0,5821.5,7176.75,7843.0
노원구,2023,커피-음료,478962282.9677419,126094366.02419356,105526737.19354838,94973532.10483871,78741894.77419356,0.3497,13.82,838029.375,134465.82142857142,103172.35119047618,117585.81547619047,131894.6607142857,164791.52976190476,104313.17857142857,155082.6369047619,352168.53921568627,343849.112745098,29625.25,3477.0,5821.5,7176.75,7843.0
노원구,2023,한식음식점,2626706275.1911764,331631384.97794116,445637767.25735295,517596689.4117647,629219776.6911764,0.3414,8.13,838029.375,134465.82142857142,103172.35119047618,117585.81547619047,131894.6607142857,164791.52976190476,104313.17857142857,155082.6369047619,352168.53921568627,343849.112745098,29625.25,3477.0,5821.5,7176.75,7843.0
노원구,2024,분식전문점,275933610.11926603,36085493.40366972,48204112.458715595,74767163.12844037,69874669.40366973,0.3139,9.09,820746.5654761905,131858.27380952382,101015.89880952382,116230.01785714286,130615.25595238095,161567.80357142858,102321.46428571429,152107.73214285713,374266.7156862745,366028.637254902,35384.75,4140.25,6782.25,8473.25,9423.5
노원구,2024,양식음식점,831263872.7142857,97492159.57142857,179523923.68571427,241924260.22857141,175444425.77142859,0.3892,18.92,820746.5654761905,131858.27380952382,101015.89880952382,116230.01785714286,130615.25595238095,161567.80357142858,102321.46428571429,152107.73214285713,374266.7156862745,366028.637254902,35384.75,4140.25,6782.25,8473.25,9423.5
노원구,2024,일식음식점,247602455.7777778,37560481.02222222,43970023.46666667,46883621.31111111,48743863.822222225,0.2519,10.45,820746.5654761905,131858.27380952382,101015.89880952382,116230.01785714286,130615.25595238095,161567.80357142858,102321.46428571429,152107.73214285713,374266.7156862745,366028.637254902,35384.75,4140.25,6782.25,8473.25,9423.5
노원구,2024,중식음식점,211450583.95454547,28476898.96969697,38329564.96969697,46000627.984848484,46439132.46969697,0.327,7.89,820746.5654761905,131858.27380952382,101015.89880952382,116230.01785714286,130615.25595238095,161567.80357142858,102321.46428571429,152107.73214285713,374266.7156862745,366028.637254902,35384.75,4140.25,6782.25,8473.25,9423.5
노원구,2024,치킨전문점,145082228.08571428,20405437.723809525,25549028.62857143,33615677.60952381,39539664.3047619,0.3364,13.98,820746.5654761905,131858.27380952382,101015.89880952382,116230.01785714286,130615.25595238095,161567.80357142858,102321.46428571429,152107.73214285713,374266.7156862745,366028.637254902,35384.75,4140.25,6782.25,8473.25,9423.5
노원구,2024,커피-음료,442204564.36290324,104253468.26612903,100364698.67741935,84330669.37096775,79967423.82258065,0.3409,13.16,820746.5654761905,131858.27380952382,101015.89880952382,116230.01785714286,130615.25595238095,161567.80357142858,102321.46428571429,152107.73214285713,374266.7156862745,366028.637254902,35384.75,4140.25,6782.25,8473.25,9423.5
노원구,2024,한식음식점,2633800953.3014708,306316117.4558824,446459624.63235295,507565596.4117647,633748798.3602941,0.3366,9.52,820746.5654761905,131858.27380952382,101015.89880952382,116230.01785714286,130615.25595238095,161567.80357142858,102321.46428571429,152107.73214285713,374266.7156862745,366028.637254902,35384.75,4140.25,6782.25,8473.25,9423.5
도봉구,2019,분식전문점,145094296.0277778,31230247.597222224,31537565.625,37995028.097222224,24996488.319444444,0.2991,7.33,733445.9244186047,92633.16279069768,94791.75,106637.8488372093,118840.15697674418,149189.37790697673,86518.20348837209,125098.88372093023,421272.75,405775.2738095238,20014.0,2196.0,4009.0,4944.0,5180.0
도봉구,2019,양식음식점,183758183.41666666,64326530.916666664,34948921.833333336,36872700.583333336,29466606.25,0.2417,14.58,733445.9244186047,92633.16279069768,94791.75,106637.8488372093,118840.15697674418,149189.37790697673,86518.20348837209,125098.88372093023,421272.75,405775.2738095238,20014.0,2196.0,4009.0,4944.0,5180.0
도봉구,2019,일식음식점,180711058.75,42894021.375,37990563.1875,42003118.4375,33709164.875,0.2929,9.26,733445.9244186047,92633.16279069768,94791.75,106637.8488372093,118840.15697674418,149189.37790697673,86518.20348837209,125098.88372093023,421272.75,405775.2738095238,20014.0,2196.0,4009.0,4944.0,5180.0
도봉구,2019,중식음식점,87974928.0,11093431.27586207,13546451.793103449,20820122.172413792,21385076.75862069,0.3561,8.14,733445.9244186047,92633.16279069768,94791.75,106637.8488372093,118840.15697674418,149189.37790697673,86518.20348837209,125098.88372093023,421272.75,405775.2738095238,20014.0,2196.0,4009.0,4944.0,5180.0
도봉구,2019,치킨전문점,94861211.15384616,16808503.615384616,19089343.480769232,28366141.673076924,19851152.78846154,0.3652,7.94,733445.9244186047,92633.16279069768,94791.75,106637.8488372093,118840.15697674418,149189.37790697673,86518.20348837209,125098.88372093023,421272.75,405775.2738095238,20014.0,2196.0,4009.0,4944.0,5180.0
도봉구,2019,커피-음료,111772672.32954545,35669631.17045455,25163396.022727273,21297311.443181816,17265599.238636363,0.3333,7.81,733445.9244186047,92633.16279069768,94791.75,106637.8488372093,118840.15697674418,149189.37790697673,86518.20348837209,125098.88372093023,421272.75,405775.2738095238,20014.0,2196.0,4009.0,4944.0,5180.0
도봉구,2019,한식음식점,916502421.8157895,96626422.91447368,153004508.21052632,207021400.21710527,232820720.23026314,0.3496,10.98,733445.9244186047,92633.16279069768,94791.75,106637.8488372093,118840.15697674418,149189.37790697673,86518.20348837209,125098.88372093023,421272.75,405775.2738095238,20014.0,2196.0,4009.0,4944.0,5180.0
도봉구,2020,분식전문점,145534379.52631578,26900580.30263158,29590138.38157895,37903914.30263158,27056678.342105262,0.2905,10.15,724013.6104651163,94053.32558139534,94113.77325581395,105266.58720930232,118229.6511627907,147052.73255813954,86750.98837209302,124719.81395348837,325583.0119047619,313922.2261904762,19952.75,2173.5,3993.5,4940.75,5178.25
도봉구,2020,양식음식점,157747225.66666666,45181895.416666664,32798705.166666668,36339527.583333336,27889308.916666668,0.2493,6.25,724013.6104651163,94053.32558139534,94113.77325581395,105266.58720930232,118229.6511627907,147052.73255813954,86750.98837209302,124719.81395348837,325583.0119047619,313922.2261904762,19952.75,2173.5,3993.5,4940.75,5178.25
도봉구,2020,일식음식점,165201604.0,36869640.722222224,34603617.833333336,38257942.833333336,28421680.333333332,0.2951,8.49,724013.6104651163,94053.32558139534,94113.77325581395,105266.58720930232,118229.6511627907,147052.73255813954,86750.98837209302,124719.81395348837,325583.0119047619,313922.2261904762,19952.75,2173.5,3993.5,4940.75,5178.25
도봉구,2020,중식음식점,111789919.20588236,15672174.38235294,17281035.911764707,28243904.588235293,23938550.26470588,0.3403,3.49,724013.6104651163,94053.32558139534,94113.77325581395,105266.58720930232,118229.6511627907,147052.73255813954,86750.98837209302,124719.81395348837,325583.0119047619,313922.2261904762,19952.75,2173.5,3993.5,4940.75,5178.25
도봉구,2020,치킨전문점,90613413.40983607,14044162.459016394,16583078.803278688,27375584.081967212,21304786.852459017,0.3585,10.29,724013.6104651163,94053.32558139534,94113.77325581395,105266.58720930232,118229.6511627907,147052.73255813954,86750.98837209302,124719.81395348837,325583.0119047619,313922.2261904762,19952.75,2173.5,3993.5,4940.75,5178.25
도봉구,2020,커피-음료,110510614.85714285,34580327.9010989,23306515.626373626,19703595.813186813,18777305.230769232,0.3523,8.75,724013.6104651163,94053.32558139534,94113.77325581395,105266.58720930232,118229.6511627907,147052.73255813954,86750.98837209302,124719.81395348837,325583.0119047619,313922.2261904762,19952.75,2173.5,3993.5,4940.75,5178.25
도봉구,2020,한식음식점,929492735.9802631,98985993.83552632,149178924.5131579,199779712.29605263,245617459.88157895,0.3351,6.67,724013.6104651163,94053.32558139534,94113.77325581395,105266.58720930232,118229.6511627907,147052.73255813954,86750.98837209302,124719.81395348837,325583.0119047619,313922.2261904762,19952.75,2173.5,3993.5,4940.75,5178.25
도봉구,2021,분식전문점,170169895.80612245,27035675.12244898,31499071.173469387,42793491.8367347,39216991.95918367,0.2857,19.37,713105.1686046511,89942.56976744186,91007.90697674418,104034.40697674418,116938.58139534884,144850.2965116279,84486.01162790698,121703.04069767441,322583.0833333333,313619.28571428574,19916.25,2105.25,3979.75,4979.5,5230.5
도봉구,2021,양식음식점,142564703.2,38791410.46666667,31195162.4,30068924.133333333,25177137.4,0.2577,9.8,713105.1686046511,89942.56976744186,91007.90697674418,104034.40697674418,116938.58139534884,144850.2965116279,84486.01162790698,121703.04069767441,322583.0833333333,313619.28571428574,19916.25,2105.25,3979.75,4979.5,5230.5
도봉구,2021,일식음식점,201206633.54166666,36167537.041666664,38380956.75,42376690.75,43371135.375,0.2895,9.65,713105.1686046511,89942.56976744186,91007.90697674418,104034.40697674418,116938.58139534884,144850.2965116279,84486.01162790698,121703.04069767441,322583.0833333333,313619.28571428574,19916.25,2105.25,3979.75,4979.5,5230.5
도봉구,2021,중식음식점,171447469.0952381,21088668.57142857,25533014.54761905,43849226.452380955,40551555.64285714,0.3717,6.74,713105.1686046511,89942.56976744186,91007.90697674418,104034.40697674418,116938.58139534884,144850.2965116279,84486.01162790698,121703.04069767441,322583.0833333333,313619.28571428574,19916.25,2105.25,3979.75,4979.5,5230.5
도봉구,2021,치킨전문점,94043989.69767442,13474198.162790697,14788520.372093024,24380181.104651164,25880060.30232558,0.3331,11.93,713105.1686046511,89942.56976744186,91007.90697674418,104034.40697674418,116938.58139534884,144850.2965116279,84486.01162790698,121703.04069767441,322583.0833333333,313619.28571428574,19916.25,2105.25,3979.75,4979.5,5230.5
도봉구,2021,커피-음료,147085085.73873875,38032964.4954955,33839943.96396396,28486242.36936937,25502146.81981982,0.3288,16.47,713105.1686046511,89942.56976744186,91007.90697674418,104034.40697674418,116938.58139534884,144850.2965116279,84486.01162790698,121703.04069767441,322583.0833333333,313619.28571428574,19916.25,2105.25,3979.75,4979.5,5230.5
도봉구,2021,한식음식점,1050755451.0604026,96027300.55033557,143611240.10738254,206585243.76510066,284230993.409396,0.3392,11.9,713105.1686046511,89942.56976744186,91007.90697674418,104034.40697674418,116938.58139534884,144850.2965116279,84486.01162790698,121703.04069767441,322583.0833333333,313619.28571428574,19916.25,2105.25,3979.75,4979.5,5230.5
도봉구,2022,분식전문점,225494003.86746988,31018478.08433735,42476336.73493976,57482329.746987954,53630576.39759036,0.2903,10.06,684195.7209302326,83650.07558139534,87253.30232558139,99298.55232558139,114193.72093023256,138893.84302325582,80084.65697674418,116368.41860465116,345566.10714285716,335714.0119047619,20190.25,2073.75,4039.0,5085.25,5373.75
도봉구,2022,양식음식점,123796094.8888889,32849307.888888888,24364931.611111112,25107273.5,23684337.222222224,0.2449,10.89,684195.7209302326,83650.07558139534,87253.30232558139,99298.55232558139,114193.72093023256,138893.84302325582,80084.65697674418,116368.41860465116,345566.10714285716,335714.0119047619,20190.25,2073.75,4039.0,5085.25,5373.75
도봉구,2022,일식음식점,246766007.60714287,41011104.64285714,49361654.821428575,50481862.46428572,53829430.0,0.2921,12.71,684195.7209302326,83650.07558139534,87253.30232558139,99298.55232558139,114193.72093023256,138893.84302325582,80084.65697674418,116368.41860465116,345566.10714285716,335714.0119047619,20190.25,2073.75,4039.0,5085.25,5373.75
도봉구,2022,중식음식점,188156461.0487805,21221882.80487805,28269426.780487806,45945366.46341463,45173117.90243903,0.3717,14.77,684195.7209302326,83650.07558139534,87253.30232558139,99298.55232558139,114193.72093023256,138893.84302325582,80084.65697674418,116368.41860465116,345566.10714285716,335714.0119047619,20190.25,2073.75,4039.0,5085.25,5373.75
도봉구,2022,치킨전문점,79667593.64556962,10915598.53164557,13253140.17721519,19792403.025316454,21763329.88607595,0.3448,10.5,684195.7209302326,83650.07558139534,87253.30232558139,99298.55232558139,114193.72093023256,138893.84302325582,80084.65697674418,116368.41860465116,345566.10714285716,335714.0119047619,20190.25,2073.75,4039.0,5085.25,5373.75
도봉구,2022,커피-음료,148189781.52293578,33313569.055045873,34278250.6880734,30135267.256880734,27187816.055045873,0.3328,16.21,684195.7209302326,83650.07558139534,87253.30232558139,99298.55232558139,114193.72093023256,138893.84302325582,80084.65697674418,116368.41860465116,345566.10714285716,335714.0119047619,20190.25,2073.75,4039.0,5085.25,5373.75
도봉구,2022,한식음식점,1197800838.5202703,96057189.22972973,166687728.0810811,227825765.5337838,314141947.9391892,0.3479,10.5,684195.7209302326,83650.07558139534,87253.30232558139,99298.55232558139,114193.72093023256,138893.84302325582,80084.65697674418,116368.41860465116,345566.10714285716,335714.0119047619,20190.25,2073.75,4039.0,5085.25,5373.75
도봉구,2023,분식전문점,236477906.94186047,27553295.372093022,42687320.38372093,56064509.81395349,60339871.96511628,0.2944,8.5,652629.1511627907,79382.70930232559,82833.83139534884,95020.97093023256,110229.63953488372,133014.66860465117,76411.1046511628,110783.09302325582,363737.2619047619,353320.38095238095,19666.0,1980.5,3932.25,4970.0,5316.25
도봉구,2023,양식음식점,131112797.38461539,31383778.769230768,26582306.53846154,28302166.53846154,26546353.384615384,0.2306,10.38,652629.1511627907,79382.70930232559,82833.83139534884,95020.97093023256,110229.63953488372,133014.66860465117,76411.1046511628,110783.09302325582,363737.2619047619,353320.38095238095,19666.0,1980.5,3932.25,4970.0,5316.25
도봉구,2023,일식음식점,254055232.39285713,38374559.071428575,54052523.96428572,48729178.78571428,54794068.64285714,0.2939,16.07,652629.1511627907,79382.70930232559,82833.83139534884,95020.97093023256,110229.63953488372,133014.66860465117,76411.1046511628,110783.09302325582,363737.2619047619,353320.38095238095,19666.0,1980.5,3932.25,4970.0,5316.25
도봉구,2023,중식음식점,183209783.28947368,15787411.0,27747048.39473684,43754444.7631579,45603408.026315786,0.3649,4.76,652629.1511627907,79382.70930232559,82833.83139534884,95020.97093023256,110229.63953488372,133014.66860465117,76411.1046511628,110783.09302325582,363737.2619047619,353320.38095238095,19666.0,1980.5,3932.25,4970.0,5316.25
도봉구,2023,치킨전문점,90561328.77419356,10486644.677419355,14985918.725806452,21189697.870967742,24162823.387096774,0.3396,8.36,652629.1511627907,79382.70930232559,82833.83139534884,95020.97093023256,110229.63953488372,133014.66860465117,76411.1046511628,110783.09302325582,363737.2619047619,353320.38095238095,19666.0,1980.5,3932.25,4970.0,5316.25
도봉구,2023,커피-음료,152699791.36363637,27848071.936363637,35176145.96363636,31362001.118181817,30236241.927272726,0.3377,15.29,652629.1511627907,79382.70930232559,82833.83139534884,95020.97093023256,110229.63953488372,133014.66860465117,76411.1046511628,110783.09302325582,363737.2619047619,353320.38095238095,19666.0,1980.5,3932.25,4970.0,5316.25
도봉구,2023,한식음식점,1252730668.2697368,87194114.31578948,171447978.73026314,231852907.375,328551428.7894737,0.3471,11.57,652629.1511627907,79382.70930232559,82833.83139534884,95020.97093023256,110229.63953488372,133014.66860465117,76411.1046511628,110783.09302325582,363737.2619047619,353320.38095238095,19666.0,1980.5,3932.25,4970.0,5316.25
도봉구,2024,분식전문점,212573476.31034482,22320799.908045977,37238738.827586204,47490128.344827585,56373950.35632184,0.2926,10.26,626363.1976744186,76134.77325581395,79960.5988372093,91211.77906976744,106866.72674418605,127277.41279069768,73881.75581395348,107331.94186046511,376248.25,365151.64285714284,19730.25,1964.25,3955.5,5018.25,5433.5
도봉구,2024,양식음식점,71620583.125,22667145.625,10244872.625,13415758.625,14212018.625,0.1361,13.73,626363.1976744186,76134.77325581395,79960.5988372093,91211.77906976744,106866.72674418605,127277.41279069768,73881.75581395348,107331.94186046511,376248.25,365151.64285714284,19730.25,1964.25,3955.5,5018.25,5433.5
도봉구,2024,일식음식점,231401290.53846154,33342753.384615384,47412317.538461536,43969008.84615385,50064078.538461536,0.2877,11.88,626363.1976744186,76134.77325581395,79960.5988372093,91211.77906976744,106866.72674418605,127277.41279069768,73881.75581395348,107331.94186046511,376248.25,365151.64285714284,19730.25,1964.25,3955.5,5018.25,5433.5
도봉구,2024,중식음식점,174615913.475,15070107.9,26196788.925,36256818.075,45153155.275,0.36,8.14,626363.1976744186,76134.77325581395,79960.5988372093,91211.77906976744,106866.72674418605,127277.41279069768,73881.75581395348,107331.94186046511,376248.25,365151.64285714284,19730.25,1964.25,3955.5,5018.25,5433.5
도봉구,2024,치킨전문점,82801490.98484848,8521515.318181818,13382987.56060606,17747391.666666668,23010232.151515152,0.3196,9.25,626363.1976744186,76134.77325581395,79960.5988372093,91211.77906976744,106866.72674418605,127277.41279069768,73881.75581395348,107331.94186046511,376248.25,365151.64285714284,19730.25,1964.25,3955.5,5018.25,5433.5
도봉구,2024,커피-음료,169092527.83636364,27783755.418181818,38108593.04545455,34580069.74545454,34992190.93636364,0.3281,12.24,626363.1976744186,76134.77325581395,79960.5988372093,91211.77906976744,106866.72674418605,127277.41279069768,73881.75581395348,107331.94186046511,376248.25,365151.64285714284,19730.25,1964.25,3955.5,5018.25,5433.5
도봉구,2024,한식음식점,1261678489.8269231,78450086.12179486,166326509.99358973,224435292.4679487,326261120.3974359,0.341,9.16,626363.1976744186,76134.77325581395,79960.5988372093,91211.77906976744,106866.72674418605,127277.41279069768,73881.75581395348,107331.94186046511,376248.25,365151.64285714284,19730.25,1964.25,3955.5,5018.25,5433.5
동대문구,2019,분식전문점,170521786.89908257,52569681.06422018,33246303.678899083,36918232.08256881,24669332.697247706,0.27,12.01,812123.8701298701,161559.56818181818,114644.9512987013,112140.4025974026,115190.96103896105,168724.8603896104,108050.4025974026,139033.55194805196,431513.2727272727,429715.9393939394,52698.0,7905.0,11543.0,12442.0,12006.0
동대문구,2019,양식음식점,293508357.46428573,102220409.42857143,49572728.03571428,42327388.0,40991546.60714286,0.2791,8.92,812123.8701298701,161559.56818181818,114644.9512987013,112140.4025974026,115190.96103896105,168724.8603896104,108050.4025974026,139033.55194805196,431513.2727272727,429715.9393939394,52698.0,7905.0,11543.0,12442.0,12006.0
동대문구,2019,일식음식점,203301213.80952382,49890725.071428575,38375605.0,32856416.404761903,31633310.14285714,0.2488,8.54,812123.8701298701,161559.56818181818,114644.9512987013,112140.4025974026,115190.96103896105,168724.8603896104,108050.4025974026,139033.55194805196,431513.2727272727,429715.9393939394,52698.0,7905.0,11543.0,12442.0,12006.0
동대문구,2019,중식음식점,160782820.92592594,40344841.166666664,32835794.185185187,29839607.259259257,22190198.62962963,0.2955,6.17,812123.8701298701,161559.56818181818,114644.9512987013,112140.4025974026,115190.96103896105,168724.8603896104,108050.4025974026,139033.55194805196,431513.2727272727,429715.9393939394,52698.0,7905.0,11543.0,12442.0,12006.0
동대문구,2019,치킨전문점,115795644.14516129,28997410.258064516,24953678.532258064,31229723.870967742,18741916.16129032,0.3184,12.71,812123.8701298701,161559.56818181818,114644.9512987013,112140.4025974026,115190.96103896105,168724.8603896104,108050.4025974026,139033.55194805196,431513.2727272727,429715.9393939394,52698.0,7905.0,11543.0,12442.0,12006.0
동대문구,2019,커피-음료,260788412.7735849,101262508.17924528,54754740.87735849,39683727.820754714,31316983.018867925,0.2552,10.4,812123.8701298701,161559.56818181818,114644.9512987013,112140.4025974026,115190.96103896105,168724.8603896104,108050.4025974026,139033.55194805196,431513.2727272727,429715.9393939394,52698.0,7905.0,11543.0,12442.0,12006.0
동대문구,2019,한식음식점,1014369476.110687,175789742.259542,166816144.55343512,192017736.3053435,195221372.96564886,0.2798,9.01,812123.8701298701,161559.56818181818,114644.9512987013,112140.4025974026,115190.96103896105,168724.8603896104,108050.4025974026,139033.55194805196,431513.2727272727,429715.9393939394,52698.0,7905.0,11543.0,12442.0,12006.0
동대문구,2020,분식전문점,154493167.71929824,37821319.008771926,31520534.60526316,34700281.05263158,25139939.04385965,0.2599,6.97,782018.4318181818,154057.93506493507,116166.08116883117,112074.45779220779,112437.99025974025,163035.55194805196,102221.33441558441,132766.9090909091,305989.19696969696,304396.4318181818,52499.0,7875.75,11507.25,12397.25,11970.0
동대문구,2020,양식음식점,250692500.80645162,90874067.67741935,45640852.70967742,35199289.19354839,32456002.322580647,0.3021,11.11,782018.4318181818,154057.93506493507,116166.08116883117,112074.45779220779,112437.99025974025,163035.55194805196,102221.33441558441,132766.9090909091,305989.19696969696,304396.4318181818,52499.0,7875.75,11507.25,12397.25,11970.0
동대문구,2020,일식음식점,195513296.1521739,47220286.847826086,38934153.17391305,31329826.173913043,31237736.760869566,0.233,9.76,782018.4318181818,154057.93506493507,116166.08116883117,112074.45779220779,112437.99025974025,163035.55194805196,102221.33441558441,132766.9090909091,305989.19696969696,304396.4318181818,52499.0,7875.75,11507.25,12397.25,11970.0
동대문구,2020,중식음식점,158307708.23214287,36890435.23214286,31337357.07142857,29726038.80357143,24081978.5,0.2756,7.93,782018.4318181818,154057.93506493507,116166.08116883117,112074.45779220779,112437.99025974025,163035.55194805196,102221.33441558441,132766.9090909091,305989.19696969696,304396.4318181818,52499.0,7875.75,11507.25,12397.25,11970.0
동대문구,2020,치킨전문점,90607461.1780822,18578537.410958905,17184974.8630137,25803584.342465755,17986372.383561645,0.3189,7.77,782018.4318181818,154057.93506493507,116166.08116883117,112074.45779220779,112437.99025974025,163035.55194805196,102221.33441558441,132766.9090909091,305989.19696969696,304396.4318181818,52499.0,7875.75,11507.25,12397.25,11970.0
동대문구,2020,커피-음료,220072901.2479339,80678551.95867768,48237380.74380165,34085127.77685951,25465956.67768595,0.2524,11.58,782018.4318181818,154057.93506493507,116166.08116883117,112074.45779220779,112437.99025974025,163035.55194805196,102221.33441558441,132766.9090909091,305989.19696969696,304396.4318181818,52499.0,7875.75,11507.25,12397.25,11970.0
동대문구,2020,한식음식점,945538718.6254681,151838123.1460674,157562514.46441948,176734594.53932583,187096067.1011236,0.2701,7.73,782018.4318181818,154057.93506493507,116166.08116883117,112074.45779220779,112437.99025974025,163035.55194805196,102221.33441558441,132766.9090909091,305989.19696969696,304396.4318181818,52499.0,7875.75,11507.25,12397.25,11970.0
동대문구,2021,분식전문점,166598318.8540146,38015815.23357664,30477450.686131388,34549800.13868613,31342964.89781022,0.2476,8.07,768061.6201298701,153037.75324675324,115837.66558441559,110690.56493506493,110891.46753246753,161041.66558441558,100455.37987012987,129786.08441558441,308590.5606060606,306912.95454545453,52028.0,7785.25,11441.5,12312.5,11896.75
동대문구,2021,양식음식점,301528788.40625,84562557.0,74689984.9375,49623604.21875,41449633.09375,0.337,8.92,768061.6201298701,153037.75324675324,115837.66558441559,110690.56493506493,110891.46753246753,161041.66558441558,100455.37987012987,129786.08441558441,308590.5606060606,306912.95454545453,52028.0,7785.25,11441.5,12312.5,11896.75
동대문구,2021,일식음식점,177076162.57142857,37710191.91071428,32614832.089285713,27490935.5,31447869.5,0.2273,11.24,768061.6201298701,153037.75324675324,115837.66558441559,110690.56493506493,110891.46753246753,161041.66558441558,100455.37987012987,129786.08441558441,308590.5606060606,306912.95454545453,52028.0,7785.25,11441.5,12312.5,11896.75
동대문구,2021,중식음식점,186802196.11290324,43432794.09677419,31192928.370967742,33373427.51612903,30733010.596774194,0.2781,5.56,768061.6201298701,153037.75324675324,115837.66558441559,110690.56493506493,110891.46753246753,161041.66558441558,100455.37987012987,129786.08441558441,308590.5606060606,306912.95454545453,52028.0,7785.25,11441.5,12312.5,11896.75
동대문구,2021,치킨전문점,96778162.24705882,18871115.811764706,16572357.411764706,23210006.211764704,22327195.02352941,0.2923,9.58,768061.6201298701,153037.75324675324,115837.66558441559,110690.56493506493,110891.46753246753,161041.66558441558,100455.37987012987,129786.08441558441,308590.5606060606,306912.95454545453,52028.0,7785.25,11441.5,12312.5,11896.75
동대문구,2021,커피-음료,259892683.98203593,89044120.88023952,57222535.0,40065531.4251497,33365497.233532935,0.2633,11.43,768061.6201298701,153037.75324675324,115837.66558441559,110690.56493506493,110891.46753246753,161041.66558441558,100455.37987012987,129786.08441558441,308590.5606060606,306912.95454545453,52028.0,7785.25,11441.5,12312.5,11896.75
동대문구,2021,한식음식점,1082740424.3273382,146759583.53597122,164727276.55035973,187233096.55035973,227010359.68345323,0.2704,7.22,768061.6201298701,153037.75324675324,115837.66558441559,110690.56493506493,110891.46753246753,161041.66558441558,100455.37987012987,129786.08441558441,308590.5606060606,306912.95454545453,52028.0,7785.25,11441.5,12312.5,11896.75
동대문구,2022,분식전문점,186342401.99280575,36779219.79856115,33578643.81294964,39955647.4676259,38042494.44604316,0.2574,8.39,800295.025974026,173460.5487012987,119355.53571428571,113549.51298701299,111970.69805194806,167383.46103896105,103656.06493506493,134152.4448051948,344041.6212121212,339762.7121212121,52151.75,7740.75,11514.5,12402.75,11946.75
동대문구,2022,양식음식점,411092973.2941176,82584353.73529412,82152992.88235295,89530731.8235294,70630059.61764705,0.4962,16.07,800295.025974026,173460.5487012987,119355.53571428571,113549.51298701299,111970.69805194806,167383.46103896105,103656.06493506493,134152.4448051948,344041.6212121212,339762.7121212121,52151.75,7740.75,11514.5,12402.75,11946.75
동대문구,2022,일식음식점,224703512.754717,45935052.7735849,41546761.60377359,37182383.69811321,40229680.86792453,0.2422,10.0,800295.025974026,173460.5487012987,119355.53571428571,113549.51298701299,111970.69805194806,167383.46103896105,103656.06493506493,134152.4448051948,344041.6212121212,339762.7121212121,52151.75,7740.75,11514.5,12402.75,11946.75
동대문구,2022,중식음식점,232580497.24615383,55334882.384615384,39959348.23076923,40347453.66153846,39569443.29230769,0.2835,9.2,800295.025974026,173460.5487012987,119355.53571428571,113549.51298701299,111970.69805194806,167383.46103896105,103656.06493506493,134152.4448051948,344041.6212121212,339762.7121212121,52151.75,7740.75,11514.5,12402.75,11946.75
동대문구,2022,치킨전문점,109354133.92207792,21317318.506493505,19496107.363636363,26085514.64935065,25215663.155844156,0.291,6.88,800295.025974026,173460.5487012987,119355.53571428571,113549.51298701299,111970.69805194806,167383.46103896105,103656.06493506493,134152.4448051948,344041.6212121212,339762.7121212121,52151.75,7740.75,11514.5,12402.75,11946.75
동대문구,2022,커피-음료,294214429.11764705,95275152.36470588,64002392.8117647,47617930.95882353,43478631.9117647,0.2771,12.73,800295.025974026,173460.5487012987,119355.53571428571,113549.51298701299,111970.69805194806,167383.46103896105,103656.06493506493,134152.4448051948,344041.6212121212,339762.7121212121,52151.75,7740.75,11514.5,12402.75,11946.75
동대문구,2022,한식음식점,1264252201.3212996,165177340.48736462,197019399.39711192,214846388.38989168,269404112.58844763,0.2842,8.43,800295.025974026,173460.5487012987,119355.53571428571,113549.51298701299,111970.69805194806,167383.46103896105,103656.06493506493,134152.4448051948,344041.6212121212,339762.7121212121,52151.75,7740.75,11514.5,12402.75,11946.75
동대문구,2023,분식전문점,199719680.09655172,37829550.35172414,34751578.83448276,42089954.84137931,42204806.531034485,0.2559,10.65,800220.0746753247,181882.68181818182,118630.55194805194,114013.54220779221,110475.77272727272,167354.48376623375,103008.88311688312,133914.17857142858,375286.8181818182,369546.45454545453,51933.0,7670.5,11485.25,12356.25,11873.0
동대문구,2023,양식음식점,337176493.5652174,62278802.60869565,65074380.52173913,75776594.02173913,45567173.56521739,0.4032,10.24,800220.0746753247,181882.68181818182,118630.55194805194,114013.54220779221,110475.77272727272,167354.48376623375,103008.88311688312,133914.17857142858,375286.8181818182,369546.45454545453,51933.0,7670.5,11485.25,12356.25,11873.0
동대문구,2023,일식음식점,232396700.8392857,48612119.0,43891011.196428575,37831431.66071428,43817524.071428575,0.2484,7.69,800220.0746753247,181882.68181818182,118630.55194805194,114013.54220779221,110475.77272727272,167354.48376623375,103008.88311688312,133914.17857142858,375286.8181818182,369546.45454545453,51933.0,7670.5,11485.25,12356.25,11873.0
동대문구,2023,중식음식점,268907795.09375,56100964.640625,46231676.625,46015076.5625,51303110.421875,0.2946,10.44,800220.0746753247,181882.68181818182,118630.55194805194,114013.54220779221,110475.77272727272,167354.48376623375,103008.88311688312,133914.17857142858,375286.8181818182,369546.45454545453,51933.0,7670.5,11485.25,12356.25,11873.0
동대문구,2023,치킨전문점,125366584.3918919,21540193.91891892,22626661.216216218,27417911.54054054,30858462.35135135,0.2986,9.23,800220.0746753247,181882.68181818182,118630.55194805194,114013.54220779221,110475.77272727272,167354.48376623375,103008.88311688312,133914.17857142858,375286.8181818182,369546.45454545453,51933.0,7670.5,11485.25,12356.25,11873.0
동대문구,2023,커피-음료,314110563.36904764,94126594.88690476,67016646.4047619,50661116.76785714,52434118.61309524,0.2712,12.18,800220.0746753247,181882.68181818182,118630.55194805194,114013.54220779221,110475.77272727272,167354.48376623375,103008.88311688312,133914.17857142858,375286.8181818182,369546.45454545453,51933.0,7670.5,11485.25,12356.25,11873.0
동대문구,2023,한식음식점,1352918368.0035212,161245303.34859154,214247590.21478873,229113624.6725352,291817508.7394366,0.2855,6.98,800220.0746753247,181882.68181818182,118630.55194805194,114013.54220779221,110475.77272727272,167354.48376623375,103008.88311688312,133914.17857142858,375286.8181818182,369546.45454545453,51933.0,7670.5,11485.25,12356.25,11873.0
동대문구,2024,분식전문점,193622218.1736111,30103906.506944444,33039876.375,40134700.61111111,42973058.44444445,0.257,20.39,794551.7467532468,179864.18506493507,118963.2012987013,114761.71753246753,110238.30194805194,166291.6038961039,101958.98376623377,132828.0551948052,389881.38636363635,383355.1212121212,52850.0,7733.0,11699.5,12573.25,11996.75
동대문구,2024,양식음식점,328426206.725,55231164.325,62982877.4,56191751.525,68851597.0,0.4152,16.2,794551.7467532468,179864.18506493507,118963.2012987013,114761.71753246753,110238.30194805194,166291.6038961039,101958.98376623377,132828.0551948052,389881.38636363635,383355.1212121212,52850.0,7733.0,11699.5,12573.25,11996.75
동대문구,2024,일식음식점,197064683.3137255,37935434.74509804,35170284.50980392,34047453.176470585,40053192.88235294,0.2295,17.86,794551.7467532468,179864.18506493507,118963.2012987013,114761.71753246753,110238.30194805194,166291.6038961039,101958.98376623377,132828.0551948052,389881.38636363635,383355.1212121212,52850.0,7733.0,11699.5,12573.25,11996.75
동대문구,2024,중식음식점,270636344.48275864,55088214.20689655,49776374.25862069,46244515.70689655,52084371.56896552,0.2802,20.21,794551.7467532468,179864.18506493507,118963.2012987013,114761.71753246753,110238.30194805194,166291.6038961039,101958.98376623377,132828.0551948052,389881.38636363635,383355.1212121212,52850.0,7733.0,11699.5,12573.25,11996.75
동대문구,2024,치킨전문점,145308768.24242425,20766786.924242426,27477776.87878788,33151712.439393938,33808157.86363637,0.2722,19.11,794551.7467532468,179864.18506493507,118963.2012987013,114761.71753246753,110238.30194805194,166291.6038961039,101958.98376623377,132828.0551948052,389881.38636363635,383355.1212121212,52850.0,7733.0,11699.5,12573.25,11996.75
동대문구,2024,커피-음료,303234816.12865496,86316517.76023392,63240270.596491225,48732433.15789474,52803619.43274854,0.2637,10.37,794551.7467532468,179864.18506493507,118963.2012987013,114761.71753246753,110238.30194805194,166291.6038961039,101958.98376623377,132828.0551948052,389881.38636363635,383355.1212121212,52850.0,7733.0,11699.5,12573.25,11996.75
동대문구,2024,한식음식점,1473586673.4945054,162004713.17216116,234264206.06593406,246379422.58241758,318418167.2417582,0.2922,12.83,794551.7467532468,179864.18506493507,118963.2012987013,114761.71753246753,110238.30194805194,166291.6038961039,101958.98376623377,132828.0551948052,389881.38636363635,383355.1212121212,52850.0,7733.0,11699.5,12573.25,11996.75
동작구,2019,분식전문점,665086361.8117647,136781361.88235295,107667511.03529412,136586008.69411764,145711310.0,0.3201,9.88,869235.697368421,175385.38596491228,144594.53070175438,119193.11403508772,114148.76754385965,177290.34210526315,101129.22807017544,147587.52192982455,497460.80555555556,493939.02777777775,49435.0,7954.0,12254.0,11515.0,10733.0
동작구,2019,양식음식점,374050426.34375,110988056.3125,103639950.6875,66397685.5,38329570.0625,0.3025,13.66,869235.697368421,175385.38596491228,144594.53070175438,119193.11403508772,114148.76754385965,177290.34210526315,101129.22807017544,147587.52192982455,497460.80555555556,493939.02777777775,49435.0,7954.0,12254.0,11515.0,10733.0
동작구,2019,일식음식점,689493342.2142857,145495344.2142857,146131957.80952382,152694758.80952382,97744625.54761904,0.3278,6.43,869235.697368421,175385.38596491228,144594.53070175438,119193.11403508772,114148.76754385965,177290.34210526315,101129.22807017544,147587.52192982455,497460.80555555556,493939.02777777775,49435.0,7954.0,12254.0,11515.0,10733.0
동작구,2019,중식음식점,407731345.2586207,90958618.31034483,96277298.96551724,81981029.94827586,56569624.362068966,0.3144,5.56,869235.697368421,175385.38596491228,144594.53070175438,119193.11403508772,114148.76754385965,177290.34210526315,101129.22807017544,147587.52192982455,497460.80555555556,493939.02777777775,49435.0,7954.0,12254.0,11515.0,10733.0
동작구,2019,치킨전문점,163360482.2162162,46358564.27027027,32298810.891891893,36064667.33783784,28533486.527027026,0.3192,7.57,869235.697368421,175385.38596491228,144594.53070175438,119193.11403508772,114148.76754385965,177290.34210526315,101129.22807017544,147587.52192982455,497460.80555555556,493939.02777777775,49435.0,7954.0,12254.0,11515.0,10733.0
동작구,2019,커피-음료,367235268.325,159808312.45833334,70855606.41666667,47873010.93333333,43644872.975,0.3244,12.24,869235.697368421,175385.38596491228,144594.53070175438,119193.11403508772,114148.76754385965,177290.34210526315,101129.22807017544,147587.52192982455,497460.80555555556,493939.02777777775,49435.0,7954.0,12254.0,11515.0,10733.0
동작구,2019,한식음식점,1536472284.5082872,320119700.1546961,292479237.4254144,266867760.0718232,261916477.23756906,0.2998,6.62,869235.697368421,175385.38596491228,144594.53070175438,119193.11403508772,114148.76754385965,177290.34210526315,101129.22807017544,147587.52192982455,497460.80555555556,493939.02777777775,49435.0,7954.0,12254.0,11515.0,10733.0
동작구,2020,분식전문점,576693245.3814433,104218014.31958763,93323407.63917525,111082940.44329897,135945075.65979382,0.3109,10.13,871580.201754386,172443.41228070174,149008.76754385966,125105.47807017544,116014.68859649122,177876.42105263157,102168.81140350878,147709.02192982455,361469.0833333333,358423.2175925926,49511.5,7954.75,12269.5,11535.75,10764.5
동작구,2020,양식음식점,388422471.24242425,119021909.78787878,105972749.78787878,70140948.21212122,41108010.84848485,0.2944,17.54,871580.201754386,172443.41228070174,149008.76754385966,125105.47807017544,116014.68859649122,177876.42105263157,102168.81140350878,147709.02192982455,361469.0833333333,358423.2175925926,49511.5,7954.75,12269.5,11535.75,10764.5
동작구,2020,일식음식점,540454000.175,130292847.425,123785615.225,98800971.375,77258294.975,0.2855,9.35,871580.201754386,172443.41228070174,149008.76754385966,125105.47807017544,116014.68859649122,177876.42105263157,102168.81140350878,147709.02192982455,361469.0833333333,358423.2175925926,49511.5,7954.75,12269.5,11535.75,10764.5
동작구,2020,중식음식점,347741304.5344828,72762586.44827586,77350204.12068966,67650214.37931034,54296890.31034483,0.3016,9.52,871580.201754386,172443.41228070174,149008.76754385966,125105.47807017544,116014.68859649122,177876.42105263157,102168.81140350878,147709.02192982455,361469.0833333333,358423.2175925926,49511.5,7954.75,12269.5,11535.75,10764.5
동작구,2020,치킨전문점,133400573.85057472,30384811.896551725,26376071.40229885,30046590.471264366,28382805.747126438,0.3226,14.09,871580.201754386,172443.41228070174,149008.76754385966,125105.47807017544,116014.68859649122,177876.42105263157,102168.81140350878,147709.02192982455,361469.0833333333,358423.2175925926,49511.5,7954.75,12269.5,11535.75,10764.5
동작구,2020,커피-음료,324351670.6976744,127220255.96899225,73283692.59689923,47237608.6124031,40300410.46511628,0.3028,16.7,871580.201754386,172443.41228070174,149008.76754385966,125105.47807017544,116014.68859649122,177876.42105263157,102168.81140350878,147709.02192982455,361469.0833333333,358423.2175925926,49511.5,7954.75,12269.5,11535.75,10764.5
동작구,2020,한식음식점,1343487246.2663043,280514149.8043478,265148555.91304347,226289665.6521739,234973811.3152174,0.2886,9.14,871580.201754386,172443.41228070174,149008.76754385966,125105.47807017544,116014.68859649122,177876.42105263157,102168.81140350878,147709.02192982455,361469.0833333333,358423.2175925926,49511.5,7954.75,12269.5,11535.75,10764.5
동작구,2021,분식전문점,319674110.53571427,79836034.71428572,68937294.88392857,66206606.633928575,58417077.28571428,0.2762,8.72,818659.302631579,155856.6403508772,141863.75,120670.48245614035,110720.16666666667,167210.24561403508,96004.0350877193,138672.59210526315,356083.85648148146,352947.6203703704,49802.25,7951.5,12333.5,11623.0,10877.75
동작구,2021,양식음식점,293612834.025,83748261.175,79490009.85,46973334.55,35675414.75,0.2884,6.85,818659.302631579,155856.6403508772,141863.75,120670.48245614035,110720.16666666667,167210.24561403508,96004.0350877193,138672.59210526315,356083.85648148146,352947.6203703704,49802.25,7951.5,12333.5,11623.0,10877.75
동작구,2021,일식음식점,537922073.326087,122064877.63043478,121842134.08695652,92772094.02173913,76116513.0,0.2782,5.37,818659.302631579,155856.6403508772,141863.75,120670.48245614035,110720.16666666667,167210.24561403508,96004.0350877193,138672.59210526315,356083.85648148146,352947.6203703704,49802.25,7951.5,12333.5,11623.0,10877.75
동작구,2021,중식음식점,351395402.17741936,71328627.51612903,73993781.69354838,65216446.90322581,56674966.72580645,0.2983,7.32,818659.302631579,155856.6403508772,141863.75,120670.48245614035,110720.16666666667,167210.24561403508,96004.0350877193,138672.59210526315,356083.85648148146,352947.6203703704,49802.25,7951.5,12333.5,11623.0,10877.75
동작구,2021,치킨전문점,137332360.2327586,26109210.51724138,26483724.21551724,32019460.0,30371847.887931034,0.323,8.26,818659.302631579,155856.6403508772,141863.75,120670.48245614035,110720.16666666667,167210.24561403508,96004.0350877193,138672.59210526315,356083.85648148146,352947.6203703704,49802.25,7951.5,12333.5,11623.0,10877.75
동작구,2021,커피-음료,331556625.7619048,108484554.06122449,83454567.08163266,54332045.8367347,43925829.30612245,0.2927,10.02,818659.302631579,155856.6403508772,141863.75,120670.48245614035,110720.16666666667,167210.24561403508,96004.0350877193,138672.59210526315,356083.85648148146,352947.6203703704,49802.25,7951.5,12333.5,11623.0,10877.75
동작구,2021,한식음식점,1497512378.2378378,261943224.07567567,286155200.1081081,245282135.87567568,281241467.2810811,0.2902,7.39,818659.302631579,155856.6403508772,141863.75,120670.48245614035,110720.16666666667,167210.24561403508,96004.0350877193,138672.59210526315,356083.85648148146,352947.6203703704,49802.25,7951.5,12333.5,11623.0,10877.75
동작구,2022,분식전문점,328417598.80733943,77385943.81651376,68242509.4678899,66531426.66972477,64098220.49541284,0.279,8.45,810946.6842105263,159199.36403508772,140224.86403508772,119539.83333333333,108892.05701754386,165768.80263157896,94651.34649122808,139091.8903508772,371008.8836206897,366931.1939655172,47834.5,7540.5,11899.25,11286.75,10463.0
동작구,2022,양식음식점,290262304.8367347,71045524.81632653,74775674.24489796,51547399.26530612,39482115.571428575,0.2933,4.73,810946.6842105263,159199.36403508772,140224.86403508772,119539.83333333333,108892.05701754386,165768.80263157896,94651.34649122808,139091.8903508772,371008.8836206897,366931.1939655172,47834.5,7540.5,11899.25,11286.75,10463.0
동작구,2022,일식음식점,741820136.255814,152091289.3255814,161416037.72093022,141712770.97674417,117085480.06976745,0.3041,9.43,810946.6842105263,159199.36403508772,140224.86403508772,119539.83333333333,108892.05701754386,165768.80263157896,94651.34649122808,139091.8903508772,371008.8836206897,366931.1939655172,47834.5,7540.5,11899.25,11286.75,10463.0
동작구,2022,중식음식점,420237839.5694444,83897061.47222222,89428788.81944445,76199763.56944445,69861240.97222222,0.3011,5.43,810946.6842105263,159199.36403508772,140224.86403508772,119539.83333333333,108892.05701754386,165768.80263157896,94651.34649122808,139091.8903508772,371008.8836206897,366931.1939655172,47834.5,7540.5,11899.25,11286.75,10463.0
동작구,2022,치킨전문점,154489880.06542057,27049815.514018692,28975683.299065422,34428810.8224299,34359029.05607477,0.3111,9.06,810946.6842105263,159199.36403508772,140224.86403508772,119539.83333333333,108892.05701754386,165768.80263157896,94651.34649122808,139091.8903508772,371008.8836206897,366931.1939655172,47834.5,7540.5,11899.25,11286.75,10463.0
동작구,2022,커피-음료,382119238.64705884,111276118.2875817,97546839.33986928,65191092.16339869,54352923.07189543,0.305,10.39,810946.6842105263,159199.36403508772,140224.86403508772,119539.83333333333,108892.05701754386,165768.80263157896,94651.34649122808,139091.8903508772,371008.8836206897,366931.1939655172,47834.5,7540.5,11899.25,11286.75,10463.0
동작구,2022,한식음식점,1938382986.2432432,311013865.5081081,393160425.32972974,312191012.5837838,354956613.2918919,0.2982,8.05,810946.6842105263,159199.36403508772,140224.86403508772,119539.83333333333,108892.05701754386,165768.80263157896,94651.34649122808,139091.8903508772,371008.8836206897,366931.1939655172,47834.5,7540.5,11899.25,11286.75,10463.0
동작구,2023,분식전문점,358075652.0095238,78594889.84761904,72815452.44761905,72766655.0,71533199.3047619,0.2881,6.25,794137.3333333334,159106.80263157896,136630.61842105264,116886.07456140351,106248.6447368421,161878.92105263157,92254.59210526316,137117.72368421053,384907.17916666664,382047.3,40577.25,6286.5,10204.75,9776.5,8870.5
동작구,2023,양식음식점,312541481.73913044,70611942.0,78634958.19565217,55442213.89130435,47092894.97826087,0.2704,12.24,794137.3333333334,159106.80263157896,136630.61842105264,116886.07456140351,106248.6447368421,161878.92105263157,92254.59210526316,137117.72368421053,384907.17916666664,382047.3,40577.25,6286.5,10204.75,9776.5,8870.5
동작구,2023,일식음식점,831107710.8372093,157308103.8372093,191501147.30232558,162845074.11627907,137730590.02325583,0.3253,8.81,794137.3333333334,159106.80263157896,136630.61842105264,116886.07456140351,106248.6447368421,161878.92105263157,92254.59210526316,137117.72368421053,384907.17916666664,382047.3,40577.25,6286.5,10204.75,9776.5,8870.5
동작구,2023,중식음식점,377642022.02666664,64784125.50666667,79001482.86666666,69967514.18666667,65948774.36,0.2934,5.22,794137.3333333334,159106.80263157896,136630.61842105264,116886.07456140351,106248.6447368421,161878.92105263157,92254.59210526316,137117.72368421053,384907.17916666664,382047.3,40577.25,6286.5,10204.75,9776.5,8870.5
동작구,2023,치킨전문점,166294073.5510204,26060486.86734694,28972743.81632653,33866872.408163264,38458615.77551021,0.3023,7.64,794137.3333333334,159106.80263157896,136630.61842105264,116886.07456140351,106248.6447368421,161878.92105263157,92254.59210526316,137117.72368421053,384907.17916666664,382047.3,40577.25,6286.5,10204.75,9776.5,8870.5
동작구,2023,커피-음료,421473180.7733333,107089068.89333333,107044748.42,73017791.50666666,63977162.72,0.3023,10.12,794137.3333333334,159106.80263157896,136630.61842105264,116886.07456140351,106248.6447368421,161878.92105263157,92254.59210526316,137117.72368421053,384907.17916666664,382047.3,40577.25,6286.5,10204.75,9776.5,8870.5
동작구,2023,한식음식점,2210242600.744681,334177003.38297874,458845324.71276593,347641021.9840425,397617763.53723407,0.3034,6.75,794137.3333333334,159106.80263157896,136630.61842105264,116886.07456140351,106248.6447368421,161878.92105263157,92254.59210526316,137117.72368421053,384907.17916666664,382047.3,40577.25,6286.5,10204.75,9776.5,8870.5
동작구,2024,분식전문점,324040308.0825688,61802950.1559633,66379620.541284405,64075816.04587156,67359791.6238532,0.2783,8.09,788559.7850877193,158582.7850877193,135689.29824561405,116881.36403508772,105696.84649122808,160898.6096491228,91368.44736842105,135336.2105263158,394186.5958333333,391454.67083333334,39904.5,6321.0,9961.0,9397.25,8711.0
동작구,2024,양식음식점,331097617.51282054,64078405.23076923,85280170.38461539,61015070.20512821,53712071.05128205,0.2706,8.89,788559.7850877193,158582.7850877193,135689.29824561405,116881.36403508772,105696.84649122808,160898.6096491228,91368.44736842105,135336.2105263158,394186.5958333333,391454.67083333334,39904.5,6321.0,9961.0,9397.25,8711.0
동작구,2024,일식음식점,716209967.15,136148083.1,180291197.125,121948410.6,115361051.85,0.2963,9.15,788559.7850877193,158582.7850877193,135689.29824561405,116881.36403508772,105696.84649122808,160898.6096491228,91368.44736842105,135336.2105263158,394186.5958333333,391454.67083333334,39904.5,6321.0,9961.0,9397.25,8711.0
동작구,2024,중식음식점,345057086.74025977,52096640.28571428,72851329.16883117,63964890.48051948,63826198.79220779,0.2937,12.32,788559.7850877193,158582.7850877193,135689.29824561405,116881.36403508772,105696.84649122808,160898.6096491228,91368.44736842105,135336.2105263158,394186.5958333333,391454.67083333334,39904.5,6321.0,9961.0,9397.25,8711.0
동작구,2024,치킨전문점,149958139.21276596,21174914.936170213,30335574.106382977,29212343.85106383,33175123.063829787,0.3061,9.24,788559.7850877193,158582.7850877193,135689.29824561405,116881.36403508772,105696.84649122808,160898.6096491228,91368.44736842105,135336.2105263158,394186.5958333333,391454.67083333334,39904.5,6321.0,9961.0,9397.25,8711.0
동작구,2024,커피-음료,422617166.40689653,96522423.25517242,109376178.74482758,70641461.88275862,67080436.386206895,0.2973,12.26,788559.7850877193,158582.7850877193,135689.29824561405,116881.36403508772,105696.84649122808,160898.6096491228,91368.44736842105,135336.2105263158,394186.5958333333,391454.67083333334,39904.5,6321.0,9961.0,9397.25,8711.0
동작구,2024,한식음식점,2256584691.9842105,313602388.7473684,491460253.8578947,346377913.08947366,401940367.0842105,0.2983,6.73,788559.7850877193,158582.7850877193,135689.29824561405,116881.36403508772,105696.84649122808,160898.6096491228,91368.44736842105,135336.2105263158,394186.5958333333,391454.67083333334,39904.5,6321.0,9961.0,9397.25,8711.0
마포구,2019,분식전문점,341079584.0070922,105706877.92198582,74821438.10638298,64236298.89361702,33051098.63829787,0.2734,14.85,943457.0519480519,219655.0,182709.64935064936,147838.35064935064,108935.45779220779,184011.0064935065,121327.08766233767,173857.31818181818,475460.337037037,491522.81481481483,109391.0,21057.0,29628.0,26690.0,20083.0
마포구,2019,양식음식점,865828199.71875,374909384.6354167,212455335.77083334,97090466.38541667,59099232.479166664,0.3992,16.32,943457.0519480519,219655.0,182709.64935064936,147838.35064935064,108935.45779220779,184011.0064935065,121327.08766233767,173857.31818181818,475460.337037037,491522.81481481483,109391.0,21057.0,29628.0,26690.0,20083.0
마포구,2019,일식음식점,641353136.1122448,228370691.26530612,143206878.12244898,79996578.29591836,52368625.78571428,0.2958,13.28,943457.0519480519,219655.0,182709.64935064936,147838.35064935064,108935.45779220779,184011.0064935065,121327.08766233767,173857.31818181818,475460.337037037,491522.81481481483,109391.0,21057.0,29628.0,26690.0,20083.0
마포구,2019,중식음식점,384624163.3333333,105958818.55555555,86411265.7,58299269.62222222,37909942.266666666,0.2915,11.72,943457.0519480519,219655.0,182709.64935064936,147838.35064935064,108935.45779220779,184011.0064935065,121327.08766233767,173857.31818181818,475460.337037037,491522.81481481483,109391.0,21057.0,29628.0,26690.0,20083.0
마포구,2019,치킨전문점,205811937.68041238,56928098.12371134,44024344.309278354,43156069.8556701,30392016.55670103,0.3173,15.27,943457.0519480519,219655.0,182709.64935064936,147838.35064935064,108935.45779220779,184011.0064935065,121327.08766233767,173857.31818181818,475460.337037037,491522.81481481483,109391.0,21057.0,29628.0,26690.0,20083.0
마포구,2019,커피-음료,729531184.9893048,274473050.62566847,177395391.95187166,97317030.72192514,52758974.31016043,0.3111,12.13,943457.0519480519,219655.0,182709.64935064936,147838.35064935064,108935.45779220779,184011.0064935065,121327.08766233767,173857.31818181818,475460.337037037,491522.81481481483,109391.0,21057.0,29628.0,26690.0,20083.0
마포구,2019,한식음식점,1959842081.2421875,457747088.8203125,392120257.5234375,335296500.94140625,246514650.59375,0.2819,11.86,943457.0519480519,219655.0,182709.64935064936,147838.35064935064,108935.45779220779,184011.0064935065,121327.08766233767,173857.31818181818,475460.337037037,491522.81481481483,109391.0,21057.0,29628.0,26690.0,20083.0
마포구,2020,분식전문점,286078510.7123288,79312504.01369864,64519876.34246575,56673572.1369863,32156824.952054795,0.2438,9.55,901579.1396103896,202397.89935064936,180771.87337662338,147045.37662337662,107738.4448051948,178086.8896103896,116508.65584415584,164153.82467532466,319763.3520599251,330698.53558052436,109677.75,21147.25,29684.75,26748.25,20157.0
마포구,2020,양식음식점,782510034.231579,330656924.2842105,204679463.71578947,80099656.6631579,53944189.48421053,0.3657,12.8,901579.1396103896,202397.89935064936,180771.87337662338,147045.37662337662,107738.4448051948,178086.8896103896,116508.65584415584,164153.82467532466,319763.3520599251,330698.53558052436,109677.75,21147.25,29684.75,26748.25,20157.0
마포구,2020,일식음식점,679765256.0561798,236998277.61797753,162180902.70786518,78127322.40449437,54481909.06741573,0.2829,10.7,901579.1396103896,202397.89935064936,180771.87337662338,147045.37662337662,107738.4448051948,178086.8896103896,116508.65584415584,164153.82467532466,319763.3520599251,330698.53558052436,109677.75,21147.25,29684.75,26748.25,20157.0
마포구,2020,중식음식점,304376785.09574467,79872582.81914894,70375627.10638298,46401608.43617021,32310370.95744681,0.277,9.2,901579.1396103896,202397.89935064936,180771.87337662338,147045.37662337662,107738.4448051948,178086.8896103896,116508.65584415584,164153.82467532466,319763.3520599251,330698.53558052436,109677.75,21147.25,29684.75,26748.25,20157.0
마포구,2020,치킨전문점,186784671.77173913,45421216.30434783,39924583.5,40057045.10869565,31578944.760869566,0.3005,9.52,901579.1396103896,202397.89935064936,180771.87337662338,147045.37662337662,107738.4448051948,178086.8896103896,116508.65584415584,164153.82467532466,319763.3520599251,330698.53558052436,109677.75,21147.25,29684.75,26748.25,20157.0
마포구,2020,커피-음료,660988517.0291262,237649791.38349515,162704809.31553397,81784531.75728156,48741270.689320385,0.2735,12.71,901579.1396103896,202397.89935064936,180771.87337662338,147045.37662337662,107738.4448051948,178086.8896103896,116508.65584415584,164153.82467532466,319763.3520599251,330698.53558052436,109677.75,21147.25,29684.75,26748.25,20157.0
마포구,2020,한식음식점,1763571381.484375,408465503.375,364006340.21484375,291084123.78515625,238231262.90234375,0.2645,9.05,901579.1396103896,202397.89935064936,180771.87337662338,147045.37662337662,107738.4448051948,178086.8896103896,116508.65584415584,164153.82467532466,319763.3520599251,330698.53558052436,109677.75,21147.25,29684.75,26748.25,20157.0
마포구,2021,분식전문점,298582600.06875,69760990.625,65272194.925,60847494.5125,38556204.60625,0.2264,8.78,869747.8571428572,192345.53896103895,178043.14285714287,145099.6461038961,105914.3051948052,171944.09415584416,113129.6038961039,159398.30194805196,325332.8484848485,332558.6212121212,110998.5,21452.5,29990.0,27060.75,20478.0
마포구,2021,양식음식점,827388040.3867924,350355001.2641509,208703060.5,87563495.31132075,67952133.2735849,0.3924,8.83,869747.8571428572,192345.53896103895,178043.14285714287,145099.6461038961,105914.3051948052,171944.09415584416,113129.6038961039,159398.30194805196,325332.8484848485,332558.6212121212,110998.5,21452.5,29990.0,27060.75,20478.0
마포구,2021,일식음식점,841687110.2815534,287774377.7281553,196864618.50485438,96983525.77669904,74179386.80582525,0.2909,8.47,869747.8571428572,192345.53896103895,178043.14285714287,145099.6461038961,105914.3051948052,171944.09415584416,113129.6038961039,159398.30194805196,325332.8484848485,332558.6212121212,110998.5,21452.5,29990.0,27060.75,20478.0
마포구,2021,중식음식점,378220634.43636364,87788802.19090909,81076534.0,60904787.89090909,46155081.08181818,0.2753,8.03,869747.8571428572,192345.53896103895,178043.14285714287,145099.6461038961,105914.3051948052,171944.09415584416,113129.6038961039,159398.30194805196,325332.8484848485,332558.6212121212,110998.5,21452.5,29990.0,27060.75,20478.0
마포구,2021,치킨전문점,154325623.48091602,33857699.74045801,30075168.427480917,32487312.183206107,28534678.28244275,0.2862,9.38,869747.8571428572,192345.53896103895,178043.14285714287,145099.6461038961,105914.3051948052,171944.09415584416,113129.6038961039,159398.30194805196,325332.8484848485,332558.6212121212,110998.5,21452.5,29990.0,27060.75,20478.0
마포구,2021,커피-음료,831033607.08658,322510317.44588745,206524401.3030303,108778886.48051947,71133300.36796537,0.3155,9.48,869747.8571428572,192345.53896103895,178043.14285714287,145099.6461038961,105914.3051948052,171944.09415584416,113129.6038961039,159398.30194805196,325332.8484848485,332558.6212121212,110998.5,21452.5,29990.0,27060.75,20478.0
마포구,2021,한식음식점,1921030364.365019,395256500.5779468,383392248.27756655,305922945.78326994,276809674.7718631,0.2635,8.51,869747.8571428572,192345.53896103895,178043.14285714287,145099.6461038961,105914.3051948052,171944.09415584416,113129.6038961039,159398.30194805196,325332.8484848485,332558.6212121212,110998.5,21452.5,29990.0,27060.75,20478.0
마포구,2022,분식전문점,336836934.64285713,77375609.61309524,76055616.83928572,68846315.53571428,44224376.96428572,0.234,10.61,893421.6071428572,206797.50974025973,182484.80194805196,146967.0974025974,107253.34090909091,173667.89935064936,115337.27272727272,165793.73701298703,381424.94696969696,394076.4583333333,110581.25,21232.5,29935.0,27025.5,20435.5
마포구,2022,양식음식점,1040063237.2831858,389473491.6106195,285484327.7699115,118971739.56637168,84481368.32743363,0.4018,10.99,893421.6071428572,206797.50974025973,182484.80194805196,146967.0974025974,107253.34090909091,173667.89935064936,115337.27272727272,165793.73701298703,381424.94696969696,394076.4583333333,110581.25,21232.5,29935.0,27025.5,20435.5
마포구,2022,일식음식점,1032224559.2980769,347977558.59615386,256710786.69230768,117612364.84615384,92426027.03846154,0.3067,9.09,893421.6071428572,206797.50974025973,182484.80194805196,146967.0974025974,107253.34090909091,173667.89935064936,115337.27272727272,165793.73701298703,381424.94696969696,394076.4583333333,110581.25,21232.5,29935.0,27025.5,20435.5
마포구,2022,중식음식점,485194884.84158415,115456079.32673268,108743116.06930692,72472324.82178217,57190703.12871287,0.2715,8.42,893421.6071428572,206797.50974025973,182484.80194805196,146967.0974025974,107253.34090909091,173667.89935064936,115337.27272727272,165793.73701298703,381424.94696969696,394076.4583333333,110581.25,21232.5,29935.0,27025.5,20435.5
마포구,2022,치킨전문점,198713682.08547008,45418236.47008547,42486107.36752137,37205396.92307692,34832077.83760684,0.2935,12.24,893421.6071428572,206797.50974025973,182484.80194805196,146967.0974025974,107253.34090909091,173667.89935064936,115337.27272727272,165793.73701298703,381424.94696969696,394076.4583333333,110581.25,21232.5,29935.0,27025.5,20435.5
마포구,2022,커피-음료,968820376.9098712,360780358.2746781,241430908.24892703,130810232.72103004,89804969.91845493,0.3313,17.4,893421.6071428572,206797.50974025973,182484.80194805196,146967.0974025974,107253.34090909091,173667.89935064936,115337.27272727272,165793.73701298703,381424.94696969696,394076.4583333333,110581.25,21232.5,29935.0,27025.5,20435.5
마포구,2022,한식음식점,2534932106.061776,535979270.5675676,531246710.0888031,378711559.38996136,350067872.4555985,0.284,10.27,893421.6071428572,206797.50974025973,182484.80194805196,146967.0974025974,107253.34090909091,173667.89935064936,115337.27272727272,165793.73701298703,381424.94696969696,394076.4583333333,110581.25,21232.5,29935.0,27025.5,20435.5
마포구,2023,분식전문점,369421277.8895349,82161505.93023255,84547067.31976745,75673664.56976745,49448667.05813953,0.244,10.56,899263.6266233766,210315.1590909091,183362.27272727274,148455.0974025974,108739.42532467532,173434.8896103896,116182.21753246753,167818.13636363635,431950.1022727273,447588.0227272727,106356.25,20514.25,28940.25,26038.25,19569.0
마포구,2023,양식음식점,994194674.1848739,349895961.4957983,276521352.35294116,122348446.28571428,89730314.03361344,0.3971,13.04,899263.6266233766,210315.1590909091,183362.27272727274,148455.0974025974,108739.42532467532,173434.8896103896,116182.21753246753,167818.13636363635,431950.1022727273,447588.0227272727,106356.25,20514.25,28940.25,26038.25,19569.0
마포구,2023,일식음식점,1024793078.5049505,337413468.7920792,264117679.68316832,119699940.84158416,95313441.81188118,0.3127,6.67,899263.6266233766,210315.1590909091,183362.27272727274,148455.0974025974,108739.42532467532,173434.8896103896,116182.21753246753,167818.13636363635,431950.1022727273,447588.0227272727,106356.25,20514.25,28940.25,26038.25,19569.0
마포구,2023,중식음식점,517699110.91752577,118271692.72164948,114745571.2886598,79343379.96907216,63112768.319587626,0.2781,7.37,899263.6266233766,210315.1590909091,183362.27272727274,148455.0974025974,108739.42532467532,173434.8896103896,116182.21753246753,167818.13636363635,431950.1022727273,447588.0227272727,106356.25,20514.25,28940.25,26038.25,19569.0
마포구,2023,치킨전문점,213946455.0925926,44207000.63888889,46571459.2962963,39050916.0462963,38195171.972222224,0.2847,8.3,899263.6266233766,210315.1590909091,183362.27272727274,148455.0974025974,108739.42532467532,173434.8896103896,116182.21753246753,167818.13636363635,431950.1022727273,447588.0227272727,106356.25,20514.25,28940.25,26038.25,19569.0
마포구,2023,커피-음료,1008159799.9404255,351180123.9361702,254394394.36595744,141793223.67659575,100082021.75319149,0.328,15.48,899263.6266233766,210315.1590909091,183362.27272727274,148455.0974025974,108739.42532467532,173434.8896103896,116182.21753246753,167818.13636363635,431950.1022727273,447588.0227272727,106356.25,20514.25,28940.25,26038.25,19569.0
마포구,2023,한식음식점,2862609234.152941,603220727.9137255,622742839.8509804,409121525.7372549,388144842.99607843,0.2869,8.48,899263.6266233766,210315.1590909091,183362.27272727274,148455.0974025974,108739.42532467532,173434.8896103896,116182.21753246753,167818.13636363635,431950.1022727273,447588.0227272727,106356.25,20514.25,28940.25,26038.25,19569.0
마포구,2024,분식전문점,358196219.3515152,76839327.66060606,83946030.6969697,70914147.72727273,51915828.054545455,0.2412,13.64,891682.5194805195,206557.1948051948,180990.9220779221,147908.55194805196,109966.87012987013,171636.12987012987,116119.09415584416,167581.10714285713,450395.67803030304,466621.6287878788,112488.5,21719.5,30847.75,27748.5,20520.5
마포구,2024,양식음식점,975435035.4152542,322822074.4491525,281400013.2288136,128061786.49152543,93191562.12711865,0.3844,13.15,891682.5194805195,206557.1948051948,180990.9220779221,147908.55194805196,109966.87012987013,171636.12987012987,116119.09415584416,167581.10714285713,450395.67803030304,466621.6287878788,112488.5,21719.5,30847.75,27748.5,20520.5
마포구,2024,일식음식점,914198461.9038461,289138576.1730769,250856694.69230768,107044789.86538461,88670936.60576923,0.3114,11.6,891682.5194805195,206557.1948051948,180990.9220779221,147908.55194805196,109966.87012987013,171636.12987012987,116119.09415584416,167581.10714285713,450395.67803030304,466621.6287878788,112488.5,21719.5,30847.75,27748.5,20520.5
마포구,2024,중식음식점,533897452.5955056,123173957.94382022,122121013.62921348,76619168.73033708,66053638.123595506,0.2766,12.63,891682.5194805195,206557.1948051948,180990.9220779221,147908.55194805196,109966.87012987013,171636.12987012987,116119.09415584416,167581.10714285713,450395.67803030304,466621.6287878788,112488.5,21719.5,30847.75,27748.5,20520.5
마포구,2024,치킨전문점,196369212.19191918,36972976.83838384,42579926.11111111,33716975.27272727,36929051.515151516,0.2784,11.96,891682.5194805195,206557.1948051948,180990.9220779221,147908.55194805196,109966.87012987013,171636.12987012987,116119.09415584416,167581.10714285713,450395.67803030304,466621.6287878788,112488.5,21719.5,30847.75,27748.5,20520.5
마포구,2024,커피-음료,999831459.5336134,341769312.74369746,263822557.65546218,136856287.2857143,101577125.93277311,0.3262,22.69,891682.5194805195,206557.1948051948,180990.9220779221,147908.55194805196,109966.87012987013,171636.12987012987,116119.09415584416,167581.10714285713,450395.67803030304,466621.6287878788,112488.5,21719.5,30847.75,27748.5,20520.5
마포구,2024,한식음식점,2935700556.3692307,604488248.5576923,659904329.5115385,405916529.6076923,397906959.35,0.286,11.55,891682.5194805195,206557.1948051948,180990.9220779221,147908.55194805196,109966.87012987013,171636.12987012987,116119.09415584416,167581.10714285713,450395.67803030304,466621.6287878788,112488.5,21719.5,30847.75,27748.5,20520.5
서대문구,2019,분식전문점,251597039.875,82924051.3125,45961150.3625,50003108.7375,34820198.0875,0.3037,13.62,804573.3024193548,190751.61290322582,124572.64112903226,117012.06451612903,102850.14516129032,161708.15725806452,105285.63306451614,144069.84274193548,269300.125,267494.18055555556,34981.0,4340.0,7629.0,8538.0,9618.0
서대문구,2019,양식음식점,355151301.67391306,155215280.60869566,50872318.152173914,43724178.76086956,47822723.08695652,0.301,15.96,804573.3024193548,190751.61290322582,124572.64112903226,117012.06451612903,102850.14516129032,161708.15725806452,105285.63306451614,144069.84274193548,269300.125,267494.18055555556,34981.0,4340.0,7629.0,8538.0,9618.0
서대문구,2019,일식음식점,529270480.6486486,232410795.4864865,75382401.1891892,54722613.05405405,56605321.18918919,0.2708,9.89,804573.3024193548,190751.61290322582,124572.64112903226,117012.06451612903,102850.14516129032,161708.15725806452,105285.63306451614,144069.84274193548,269300.125,267494.18055555556,34981.0,4340.0,7629.0,8538.0,9618.0
서대문구,2019,중식음식점,1004424619.7777778,353574248.8518519,165178411.55555555,142927805.5925926,134583161.07407406,0.3389,8.53,804573.3024193548,190751.61290322582,124572.64112903226,117012.06451612903,102850.14516129032,161708.15725806452,105285.63306451614,144069.84274193548,269300.125,267494.18055555556,34981.0,4340.0,7629.0,8538.0,9618.0
서대문구,2019,치킨전문점,114073488.62745099,47909649.62745098,19102647.960784312,21056158.098039217,15976247.80392157,0.3347,10.2,804573.3024193548,190751.61290322582,124572.64112903226,117012.06451612903,102850.14516129032,161708.15725806452,105285.63306451614,144069.84274193548,269300.125,267494.18055555556,34981.0,4340.0,7629.0,8538.0,9618.0
서대문구,2019,커피-음료,378221464.8979592,185052180.79591838,68430039.02040817,48263784.25510204,36360895.91836735,0.272,11.93,804573.3024193548,190751.61290322582,124572.64112903226,117012.06451612903,102850.14516129032,161708.15725806452,105285.63306451614,144069.84274193548,269300.125,267494.18055555556,34981.0,4340.0,7629.0,8538.0,9618.0
서대문구,2019,한식음식점,1084003526.159204,309547348.4676617,168295638.83084577,178515214.06965175,185633100.05472636,0.2914,11.84,804573.3024193548,190751.61290322582,124572.64112903226,117012.06451612903,102850.14516129032,161708.15725806452,105285.63306451614,144069.84274193548,269300.125,267494.18055555556,34981.0,4340.0,7629.0,8538.0,9618.0
서대문구,2020,분식전문점,215490374.70731708,64344282.6097561,41513273.548780486,44785939.317073174,34807113.34146342,0.3092,8.1,766333.8629032258,171996.30241935485,126250.2379032258,116565.70564516129,103233.16935483871,155644.3185483871,100961.4879032258,136030.5685483871,199855.77777777778,198040.73611111112,35177.0,4339.75,7666.75,8593.0,9674.75
서대문구,2020,양식음식점,322223337.9777778,136563413.24444443,52939754.822222225,39314533.62222222,41035018.06666667,0.3144,10.54,766333.8629032258,171996.30241935485,126250.2379032258,116565.70564516129,103233.16935483871,155644.3185483871,100961.4879032258,136030.5685483871,199855.77777777778,198040.73611111112,35177.0,4339.75,7666.75,8593.0,9674.75
서대문구,2020,일식음식점,354339934.44736844,147645824.7631579,62747683.684210524,39461675.7368421,41253568.184210524,0.2676,8.38,766333.8629032258,171996.30241935485,126250.2379032258,116565.70564516129,103233.16935483871,155644.3185483871,100961.4879032258,136030.5685483871,199855.77777777778,198040.73611111112,35177.0,4339.75,7666.75,8593.0,9674.75
서대문구,2020,중식음식점,737838978.9666667,230234468.8,135438933.23333332,110064752.1,109484357.73333333,0.3361,6.25,766333.8629032258,171996.30241935485,126250.2379032258,116565.70564516129,103233.16935483871,155644.3185483871,100961.4879032258,136030.5685483871,199855.77777777778,198040.73611111112,35177.0,4339.75,7666.75,8593.0,9674.75
서대문구,2020,치킨전문점,89103896.7962963,29105502.425925925,15447142.277777778,18674724.444444444,15947137.185185185,0.3271,11.08,766333.8629032258,171996.30241935485,126250.2379032258,116565.70564516129,103233.16935483871,155644.3185483871,100961.4879032258,136030.5685483871,199855.77777777778,198040.73611111112,35177.0,4339.75,7666.75,8593.0,9674.75
서대문구,2020,커피-음료,320116794.4326923,151651923.625,68232472.4423077,40494051.84615385,34057321.84615385,0.2677,15.38,766333.8629032258,171996.30241935485,126250.2379032258,116565.70564516129,103233.16935483871,155644.3185483871,100961.4879032258,136030.5685483871,199855.77777777778,198040.73611111112,35177.0,4339.75,7666.75,8593.0,9674.75
서대문구,2020,한식음식점,993371817.335,245868956.96,164290210.175,167400195.485,181312850.3,0.2798,8.06,766333.8629032258,171996.30241935485,126250.2379032258,116565.70564516129,103233.16935483871,155644.3185483871,100961.4879032258,136030.5685483871,199855.77777777778,198040.73611111112,35177.0,4339.75,7666.75,8593.0,9674.75
서대문구,2021,분식전문점,223362863.30208334,63671106.541666664,40086709.03125,40698281.020833336,40446262.614583336,0.2865,11.48,738570.1048387097,160254.78225806452,122880.47177419355,113894.59677419355,101723.06451612903,151223.98387096773,97215.16129032258,130119.62903225806,200283.73611111112,199280.08333333334,36188.25,4365.5,7830.25,8859.5,10032.5
서대문구,2021,양식음식점,333836824.57377046,129773139.90163934,67773536.52459016,42461651.836065575,39229396.90163934,0.3211,11.17,738570.1048387097,160254.78225806452,122880.47177419355,113894.59677419355,101723.06451612903,151223.98387096773,97215.16129032258,130119.62903225806,200283.73611111112,199280.08333333334,36188.25,4365.5,7830.25,8859.5,10032.5
서대문구,2021,일식음식점,315031061.1132075,125507844.9245283,54927294.679245286,36067017.056603774,39395748.60377359,0.2685,10.93,738570.1048387097,160254.78225806452,122880.47177419355,113894.59677419355,101723.06451612903,151223.98387096773,97215.16129032258,130119.62903225806,200283.73611111112,199280.08333333334,36188.25,4365.5,7830.25,8859.5,10032.5
서대문구,2021,중식음식점,612047243.5897436,165562177.2051282,111259127.61538461,88930936.58974358,95078038.97435898,0.3304,9.09,738570.1048387097,160254.78225806452,122880.47177419355,113894.59677419355,101723.06451612903,151223.98387096773,97215.16129032258,130119.62903225806,200283.73611111112,199280.08333333334,36188.25,4365.5,7830.25,8859.5,10032.5
서대문구,2021,치킨전문점,117205737.61538461,33827023.12307692,18018674.89230769,24338179.707692306,24995274.615384616,0.3201,10.67,738570.1048387097,160254.78225806452,122880.47177419355,113894.59677419355,101723.06451612903,151223.98387096773,97215.16129032258,130119.62903225806,200283.73611111112,199280.08333333334,36188.25,4365.5,7830.25,8859.5,10032.5
서대문구,2021,커피-음료,380276756.4685315,167958021.5034965,79857853.6993007,46918874.013986014,43867791.11188811,0.2959,15.59,738570.1048387097,160254.78225806452,122880.47177419355,113894.59677419355,101723.06451612903,151223.98387096773,97215.16129032258,130119.62903225806,200283.73611111112,199280.08333333334,36188.25,4365.5,7830.25,8859.5,10032.5
서대문구,2021,한식음식점,1099435639.0572917,216945038.31770834,172452187.421875,182039869.875,215497473.65625,0.2784,9.05,738570.1048387097,160254.78225806452,122880.47177419355,113894.59677419355,101723.06451612903,151223.98387096773,97215.16129032258,130119.62903225806,200283.73611111112,199280.08333333334,36188.25,4365.5,7830.25,8859.5,10032.5
서대문구,2022,분식전문점,254088812.8105263,69982176.50526316,46380574.010526314,48357157.284210525,45392641.34736842,0.2883,13.93,772108.6209677419,181165.1491935484,126193.33870967742,116443.73387096774,103297.3991935484,158417.76209677418,100841.79435483871,134076.9193548387,219848.18055555556,219119.26388888888,35973.5,4272.75,7673.75,8808.5,10200.0
서대문구,2022,양식음식점,410556797.4444444,149427064.96825397,81368119.0,49840045.34920635,51638874.96825397,0.3087,14.07,772108.6209677419,181165.1491935484,126193.33870967742,116443.73387096774,103297.3991935484,158417.76209677418,100841.79435483871,134076.9193548387,219848.18055555556,219119.26388888888,35973.5,4272.75,7673.75,8808.5,10200.0
서대문구,2022,일식음식점,416047577.0625,161594093.22916666,75494725.375,42129450.229166664,55655389.1875,0.2676,13.3,772108.6209677419,181165.1491935484,126193.33870967742,116443.73387096774,103297.3991935484,158417.76209677418,100841.79435483871,134076.9193548387,219848.18055555556,219119.26388888888,35973.5,4272.75,7673.75,8808.5,10200.0
서대문구,2022,중식음식점,692999156.0666667,187226000.1111111,126160064.71111111,100169842.95555556,105861212.35555555,0.3322,7.53,772108.6209677419,181165.1491935484,126193.33870967742,116443.73387096774,103297.3991935484,158417.76209677418,100841.79435483871,134076.9193548387,219848.18055555556,219119.26388888888,35973.5,4272.75,7673.75,8808.5,10200.0
서대문구,2022,치킨전문점,142972417.5,44615391.31818182,23009711.848484848,24816089.439393938,29296887.393939395,0.3125,14.97,772108.6209677419,181165.1491935484,126193.33870967742,116443.73387096774,103297.3991935484,158417.76209677418,100841.79435483871,134076.9193548387,219848.18055555556,219119.26388888888,35973.5,4272.75,7673.75,8808.5,10200.0
서대문구,2022,커피-음료,442514470.65753424,186202124.68493152,94373077.69178082,56385351.31506849,54323360.39726027,0.305,15.79,772108.6209677419,181165.1491935484,126193.33870967742,116443.73387096774,103297.3991935484,158417.76209677418,100841.79435483871,134076.9193548387,219848.18055555556,219119.26388888888,35973.5,4272.75,7673.75,8808.5,10200.0
서대문구,2022,한식음식점,1338431847.5051022,272112766.2397959,217191661.51020408,209843199.76530612,255946714.47959185,0.2854,11.39,772108.6209677419,181165.1491935484,126193.33870967742,116443.73387096774,103297.3991935484,158417.76209677418,100841.79435483871,134076.9193548387,219848.18055555556,219119.26388888888,35973.5,4272.75,7673.75,8808.5,10200.0
서대문구,2023,분식전문점,340209052.49462366,96192558.67741935,63132025.22580645,68409985.06451613,62250666.11827957,0.2836,14.58,778259.4637096775,189931.90322580645,127962.82661290323,118848.81048387097,103130.99596774194,160234.71774193548,102807.2379032258,135213.63709677418,241643.36111111112,239718.04166666666,35865.25,4408.5,7821.75,8727.25,10218.75
서대문구,2023,양식음식점,463061986.31666666,152918555.36666667,93947425.11666666,55786457.21666667,60185207.733333334,0.2819,14.86,778259.4637096775,189931.90322580645,127962.82661290323,118848.81048387097,103130.99596774194,160234.71774193548,102807.2379032258,135213.63709677418,241643.36111111112,239718.04166666666,35865.25,4408.5,7821.75,8727.25,10218.75
서대문구,2023,일식음식점,470403213.4130435,185060163.17391303,86368545.32608695,46073941.32608695,63792477.69565217,0.2698,9.95,778259.4637096775,189931.90322580645,127962.82661290323,118848.81048387097,103130.99596774194,160234.71774193548,102807.2379032258,135213.63709677418,241643.36111111112,239718.04166666666,35865.25,4408.5,7821.75,8727.25,10218.75
서대문구,2023,중식음식점,714189336.8444444,192515245.24444443,127627381.22222222,101230437.13333334,112895252.86666666,0.3236,11.88,778259.4637096775,189931.90322580645,127962.82661290323,118848.81048387097,103130.99596774194,160234.71774193548,102807.2379032258,135213.63709677418,241643.36111111112,239718.04166666666,35865.25,4408.5,7821.75,8727.25,10218.75
서대문구,2023,치킨전문점,170095134.32307693,49179261.95384616,29958479.707692306,28601253.492307693,34565170.07692308,0.3126,11.76,778259.4637096775,189931.90322580645,127962.82661290323,118848.81048387097,103130.99596774194,160234.71774193548,102807.2379032258,135213.63709677418,241643.36111111112,239718.04166666666,35865.25,4408.5,7821.75,8727.25,10218.75
서대문구,2023,커피-음료,445215136.36601305,175822624.83660132,97151365.55555555,57047875.63398693,59854695.333333336,0.2969,16.43,778259.4637096775,189931.90322580645,127962.82661290323,118848.81048387097,103130.99596774194,160234.71774193548,102807.2379032258,135213.63709677418,241643.36111111112,239718.04166666666,35865.25,4408.5,7821.75,8727.25,10218.75
서대문구,2023,한식음식점,1511092991.9438775,290999697.5255102,250011584.75,232906942.2244898,296386707.67346936,0.2905,12.6,778259.4637096775,189931.90322580645,127962.82661290323,118848.81048387097,103130.99596774194,160234.71774193548,102807.2379032258,135213.63709677418,241643.36111111112,239718.04166666666,35865.25,4408.5,7821.75,8727.25,10218.75
서대문구,2024,분식전문점,295072627.90425533,65666625.627659574,56885368.457446806,62675471.24468085,55765431.58510638,0.2821,9.02,799087.4274193548,191270.1935483871,132376.0766129032,125527.00403225806,108841.14112903226,166042.61290322582,105700.76612903226,136618.7983870968,248009.73611111112,246157.02777777778,45641.5,5811.25,10218.5,10976.5,12932.75
서대문구,2024,양식음식점,458772573.3396226,135546470.1698113,101845516.24528302,62033936.49056604,57660168.30188679,0.2745,9.21,799087.4274193548,191270.1935483871,132376.0766129032,125527.00403225806,108841.14112903226,166042.61290322582,105700.76612903226,136618.7983870968,248009.73611111112,246157.02777777778,45641.5,5811.25,10218.5,10976.5,12932.75
서대문구,2024,일식음식점,407044785.35294116,153699497.92156863,80336392.19607843,43289305.88235294,53872452.11764706,0.2603,11.96,799087.4274193548,191270.1935483871,132376.0766129032,125527.00403225806,108841.14112903226,166042.61290322582,105700.76612903226,136618.7983870968,248009.73611111112,246157.02777777778,45641.5,5811.25,10218.5,10976.5,12932.75
서대문구,2024,중식음식점,578532551.18,157546137.14,106799665.84,79248337.6,89961781.2,0.3162,12.42,799087.4274193548,191270.1935483871,132376.0766129032,125527.00403225806,108841.14112903226,166042.61290322582,105700.76612903226,136618.7983870968,248009.73611111112,246157.02777777778,45641.5,5811.25,10218.5,10976.5,12932.75
서대문구,2024,치킨전문점,157220026.0151515,40143416.60606061,29882147.333333332,26513343.303030305,31453425.71212121,0.2962,8.45,799087.4274193548,191270.1935483871,132376.0766129032,125527.00403225806,108841.14112903226,166042.61290322582,105700.76612903226,136618.7983870968,248009.73611111112,246157.02777777778,45641.5,5811.25,10218.5,10976.5,12932.75
서대문구,2024,커피-음료,471518935.71710527,182580908.21052632,106049631.61184211,60174903.28289474,63790041.2631579,0.3019,15.04,799087.4274193548,191270.1935483871,132376.0766129032,125527.00403225806,108841.14112903226,166042.61290322582,105700.76612903226,136618.7983870968,248009.73611111112,246157.02777777778,45641.5,5811.25,10218.5,10976.5,12932.75
서대문구,2024,한식음식점,1479752366.115578,266457243.93467337,251907168.2512563,223517579.28140703,294175805.06532663,0.286,9.57,799087.4274193548,191270.1935483871,132376.0766129032,125527.00403225806,108841.14112903226,166042.61290322582,105700.76612903226,136618.7983870968,248009.73611111112,246157.02777777778,45641.5,5811.25,10218.5,10976.5,12932.75
서초구,2019,분식전문점,615261492.2210526,162751607.3263158,135077293.23157895,119286869.14736842,74194407.70526315,0.2327,8.28,880180.6418918918,160162.07432432432,174778.41216216216,152301.30067567568,114926.3277027027,177757.8581081081,130253.74324324324,163125.4391891892,579753.921875,588693.1927083334,429125.0,75422.0,119919.0,108970.0,91000.0
서초구,2019,양식음식점,1039914856.0186915,260189635.8224299,223740093.44859812,165191517.40186915,114463133.3457944,0.2888,9.32,880180.6418918918,160162.07432432432,174778.41216216216,152301.30067567568,114926.3277027027,177757.8581081081,130253.74324324324,163125.4391891892,579753.921875,588693.1927083334,429125.0,75422.0,119919.0,108970.0,91000.0
서초구,2019,일식음식점,1127875899.5882354,221600202.30882353,213457765.04411766,156049372.45588234,116390135.3235294,0.2009,6.59,880180.6418918918,160162.07432432432,174778.41216216216,152301.30067567568,114926.3277027027,177757.8581081081,130253.74324324324,163125.4391891892,579753.921875,588693.1927083334,429125.0,75422.0,119919.0,108970.0,91000.0
서초구,2019,중식음식점,630570717.3846154,108541472.8974359,108959374.46153846,102317569.28205128,73146828.23076923,0.2244,7.33,880180.6418918918,160162.07432432432,174778.41216216216,152301.30067567568,114926.3277027027,177757.8581081081,130253.74324324324,163125.4391891892,579753.921875,588693.1927083334,429125.0,75422.0,119919.0,108970.0,91000.0
서초구,2019,치킨전문점,439784570.5538462,76999838.43076923,90575637.61538461,103461020.36923076,69068203.56923077,0.2661,9.87,880180.6418918918,160162.07432432432,174778.41216216216,152301.30067567568,114926.3277027027,177757.8581081081,130253.74324324324,163125.4391891892,579753.921875,588693.1927083334,429125.0,75422.0,119919.0,108970.0,91000.0
서초구,2019,커피-음료,872646137.7052631,248809940.0894737,215098366.33157894,146639230.33157894,95256461.36842105,0.2317,11.7,880180.6418918918,160162.07432432432,174778.41216216216,152301.30067567568,114926.3277027027,177757.8581081081,130253.74324324324,163125.4391891892,579753.921875,588693.1927083334,429125.0,75422.0,119919.0,108970.0,91000.0
서초구,2019,한식음식점,3445450467.418269,507771482.74038464,599912566.6586539,552107578.4423077,465231783.34134614,0.222,8.55,880180.6418918918,160162.07432432432,174778.41216216216,152301.30067567568,114926.3277027027,177757.8581081081,130253.74324324324,163125.4391891892,579753.921875,588693.1927083334,429125.0,75422.0,119919.0,108970.0,91000.0
서초구,2020,분식전문점,566844063.5353535,136255997.020202,120284810.45454545,107907801.31313132,75804650.51515152,0.2079,9.42,833850.4966216217,144710.82094594595,167853.22635135136,150272.9189189189,111037.82094594595,171917.72297297296,123115.22297297297,149822.69256756757,400294.34375,406780.7291666667,430679.75,75721.75,120417.5,109421.5,91241.25
서초구,2020,양식음식점,898058670.3796296,216823951.44444445,198552507.5648148,130453934.81481482,103780627.58333333,0.2783,10.71,833850.4966216217,144710.82094594595,167853.22635135136,150272.9189189189,111037.82094594595,171917.72297297296,123115.22297297297,149822.69256756757,400294.34375,406780.7291666667,430679.75,75721.75,120417.5,109421.5,91241.25
서초구,2020,일식음식점,1034920998.1142857,211721245.17142856,204859359.54285714,128561995.81428571,111076466.65714286,0.1877,9.78,833850.4966216217,144710.82094594595,167853.22635135136,150272.9189189189,111037.82094594595,171917.72297297296,123115.22297297297,149822.69256756757,400294.34375,406780.7291666667,430679.75,75721.75,120417.5,109421.5,91241.25
서초구,2020,중식음식점,532900008.425,79322916.6125,92808389.6625,81906970.3875,66734177.6625,0.1922,7.33,833850.4966216217,144710.82094594595,167853.22635135136,150272.9189189189,111037.82094594595,171917.72297297296,123115.22297297297,149822.69256756757,400294.34375,406780.7291666667,430679.75,75721.75,120417.5,109421.5,91241.25
서초구,2020,치킨전문점,370547000.5625,63721756.328125,71304532.03125,82134036.828125,62516952.453125,0.2438,7.63,833850.4966216217,144710.82094594595,167853.22635135136,150272.9189189189,111037.82094594595,171917.72297297296,123115.22297297297,149822.69256756757,400294.34375,406780.7291666667,430679.75,75721.75,120417.5,109421.5,91241.25
서초구,2020,커피-음료,746067944.5555556,202673304.020202,186679002.07575756,125386600.03535354,84723569.31313132,0.2129,10.93,833850.4966216217,144710.82094594595,167853.22635135136,150272.9189189189,111037.82094594595,171917.72297297296,123115.22297297297,149822.69256756757,400294.34375,406780.7291666667,430679.75,75721.75,120417.5,109421.5,91241.25
서초구,2020,한식음식점,3183497269.478049,486470229.39512193,567952370.0,494456421.73170733,440772523.6195122,0.203,7.46,833850.4966216217,144710.82094594595,167853.22635135136,150272.9189189189,111037.82094594595,171917.72297297296,123115.22297297297,149822.69256756757,400294.34375,406780.7291666667,430679.75,75721.75,120417.5,109421.5,91241.25
서초구,2021,분식전문점,558678881.8583333,110856269.68333334,118353918.70833333,109136345.0,82106107.3,0.1888,12.58,817571.0574324324,136187.86486486485,164092.78716216216,152418.86486486485,111279.04391891892,170446.22297297296,121387.76351351352,145882.13513513515,399860.359375,404533.859375,436582.5,76838.25,122269.0,111127.75,92222.5
서초구,2021,양식음식점,1045511782.5727273,241602563.1727273,246317480.1818182,151517567.76363635,115630640.05454545,0.2904,14.76,817571.0574324324,136187.86486486485,164092.78716216216,152418.86486486485,111279.04391891892,170446.22297297296,121387.76351351352,145882.13513513515,399860.359375,404533.859375,436582.5,76838.25,122269.0,111127.75,92222.5
서초구,2021,일식음식점,1465698399.5373135,303973159.9104478,290140827.6119403,187792152.5522388,162060778.97014925,0.1946,8.49,817571.0574324324,136187.86486486485,164092.78716216216,152418.86486486485,111279.04391891892,170446.22297297296,121387.76351351352,145882.13513513515,399860.359375,404533.859375,436582.5,76838.25,122269.0,111127.75,92222.5
서초구,2021,중식음식점,692040289.1975309,86039557.92592593,114851336.97530864,109258915.81481482,89120416.48148148,0.187,11.48,817571.0574324324,136187.86486486485,164092.78716216216,152418.86486486485,111279.04391891892,170446.22297297296,121387.76351351352,145882.13513513515,399860.359375,404533.859375,436582.5,76838.25,122269.0,111127.75,92222.5
서초구,2021,치킨전문점,285659642.15584415,44244664.22077922,52739003.753246754,61394146.51948052,51752371.31168831,0.2267,15.78,817571.0574324324,136187.86486486485,164092.78716216216,152418.86486486485,111279.04391891892,170446.22297297296,121387.76351351352,145882.13513513515,399860.359375,404533.859375,436582.5,76838.25,122269.0,111127.75,92222.5
서초구,2021,커피-음료,907107196.0909091,228238914.8181818,227917526.0047847,154787129.33014354,105035452.44019139,0.2163,12.51,817571.0574324324,136187.86486486485,164092.78716216216,152418.86486486485,111279.04391891892,170446.22297297296,121387.76351351352,145882.13513513515,399860.359375,404533.859375,436582.5,76838.25,122269.0,111127.75,92222.5
서초구,2021,한식음식점,3728040948.186603,502834254.76555026,640756318.8229665,558185214.492823,525830145.68421054,0.1972,11.43,817571.0574324324,136187.86486486485,164092.78716216216,152418.86486486485,111279.04391891892,170446.22297297296,121387.76351351352,145882.13513513515,399860.359375,404533.859375,436582.5,76838.25,122269.0,111127.75,92222.5
서초구,2022,분식전문점,638920897.6386554,117019697.697479,137462474.38655463,126292711.71428572,98550302.98319328,0.2021,9.25,835386.7322033899,140772.86101694914,168151.8745762712,156797.93220338982,114149.3186440678,172588.45423728813,123639.96271186441,150722.05423728813,448557.3958333333,451968.7291666667,437305.75,76871.75,122402.75,111452.25,92527.0
서초구,2022,양식음식점,1233201876.0363636,250889211.13636363,294737628.3545455,182709620.66363636,140213388.03636363,0.2887,12.75,835386.7322033899,140772.86101694914,168151.8745762712,156797.93220338982,114149.3186440678,172588.45423728813,123639.96271186441,150722.05423728813,448557.3958333333,451968.7291666667,437305.75,76871.75,122402.75,111452.25,92527.0
서초구,2022,일식음식점,1803867084.3939395,338174045.1818182,379793176.6818182,233330899.0909091,201967675.0909091,0.2049,10.96,835386.7322033899,140772.86101694914,168151.8745762712,156797.93220338982,114149.3186440678,172588.45423728813,123639.96271186441,150722.05423728813,448557.3958333333,451968.7291666667,437305.75,76871.75,122402.75,111452.25,92527.0
서초구,2022,중식음식점,872724659.2405063,102670573.62025316,147844919.79746836,129532395.55696203,113548862.89873418,0.1877,7.98,835386.7322033899,140772.86101694914,168151.8745762712,156797.93220338982,114149.3186440678,172588.45423728813,123639.96271186441,150722.05423728813,448557.3958333333,451968.7291666667,437305.75,76871.75,122402.75,111452.25,92527.0
서초구,2022,치킨전문점,387621814.5897436,55823789.820512824,81655162.84615384,77453906.03846154,65128674.333333336,0.2248,10.46,835386.7322033899,140772.86101694914,168151.8745762712,156797.93220338982,114149.3186440678,172588.45423728813,123639.96271186441,150722.05423728813,448557.3958333333,451968.7291666667,437305.75,76871.75,122402.75,111452.25,92527.0
서초구,2022,커피-음료,1054287188.8719212,237136082.591133,267805607.4187192,183713537.97044334,125212302.74384236,0.2219,11.49,835386.7322033899,140772.86101694914,168151.8745762712,156797.93220338982,114149.3186440678,172588.45423728813,123639.96271186441,150722.05423728813,448557.3958333333,451968.7291666667,437305.75,76871.75,122402.75,111452.25,92527.0
서초구,2022,한식음식점,4597256252.661972,599769789.0610329,819906067.9671361,661319839.8826292,631014496.6431925,0.2105,9.82,835386.7322033899,140772.86101694914,168151.8745762712,156797.93220338982,114149.3186440678,172588.45423728813,123639.96271186441,150722.05423728813,448557.3958333333,451968.7291666667,437305.75,76871.75,122402.75,111452.25,92527.0
서초구,2023,분식전문점,722282206.880734,119252709.95412844,157069768.65137616,148038286.2201835,117023460.33027522,0.2067,10.28,839606.8591065292,141742.58419243986,171001.0824742268,159149.1855670103,115845.14776632302,173177.45704467353,125383.54639175258,152434.3676975945,486774.5572916667,490089.2708333333,430839.5,75189.0,119981.25,110038.5,92184.0
서초구,2023,양식음식점,1325252718.471698,224726251.31132075,316182105.8867925,221314376.78301886,159282987.1037736,0.2842,11.57,839606.8591065292,141742.58419243986,171001.0824742268,159149.1855670103,115845.14776632302,173177.45704467353,125383.54639175258,152434.3676975945,486774.5572916667,490089.2708333333,430839.5,75189.0,119981.25,110038.5,92184.0
서초구,2023,일식음식점,1836422268.2537313,325906201.23880595,421519329.64179105,246286249.85074627,205434671.50746268,0.2187,7.2,839606.8591065292,141742.58419243986,171001.0824742268,159149.1855670103,115845.14776632302,173177.45704467353,125383.54639175258,152434.3676975945,486774.5572916667,490089.2708333333,430839.5,75189.0,119981.25,110038.5,92184.0
서초구,2023,중식음식점,954583221.670886,109900003.35443038,163581431.60759494,138248162.37974682,121762354.69620253,0.1988,6.5,839606.8591065292,141742.58419243986,171001.0824742268,159149.1855670103,115845.14776632302,173177.45704467353,125383.54639175258,152434.3676975945,486774.5572916667,490089.2708333333,430839.5,75189.0,119981.25,110038.5,92184.0
서초구,2023,치킨전문점,440933227.8918919,56847545.91891892,90752773.64864865,82292834.71621622,76927078.64864865,0.2231,10.24,839606.8591065292,141742.58419243986,171001.0824742268,159149.1855670103,115845.14776632302,173177.45704467353,125383.54639175258,152434.3676975945,486774.5572916667,490089.2708333333,430839.5,75189.0,119981.25,110038.5,92184.0
서초구,2023,커피-음료,1094388999.444976,207237238.33492824,274366870.49760765,193591133.33492824,143523021.98564592,0.2257,11.62,839606.8591065292,141742.58419243986,171001.0824742268,159149.1855670103,115845.14776632302,173177.45704467353,125383.54639175258,152434.3676975945,486774.5572916667,490089.2708333333,430839.5,75189.0,119981.25,110038.5,92184.0
서초구,2023,한식음식점,5014462535.497696,574018022.0276498,906260154.1013825,719761180.359447,693498070.1751152,0.2081,7.98,839606.8591065292,141742.58419243986,171001.0824742268,159149.1855670103,115845.14776632302,173177.45704467353,125383.54639175258,152434.3676975945,486774.5572916667,490089.2708333333,430839.5,75189.0,119981.25,110038.5,92184.0
서초구,2024,분식전문점,660084183.7264957,99051955.01709402,142666145.26495728,130202975.26495726,112496134.67521368,0.215,10.34,833374.0719178083,138103.5308219178,168226.2397260274,160608.52739726027,117424.95890410959,173262.2602739726,125143.80821917808,150242.89726027398,500020.3333333333,501734.1041666667,437357.0,76186.25,121408.75,111828.25,94206.75
서초구,2024,양식음식점,1216042808.5504587,179950472.0917431,302107364.0733945,199695677.79816514,150157351.55045873,0.2798,11.22,833374.0719178083,138103.5308219178,168226.2397260274,160608.52739726027,117424.95890410959,173262.2602739726,125143.80821917808,150242.89726027398,500020.3333333333,501734.1041666667,437357.0,76186.25,121408.75,111828.25,94206.75
서초구,2024,일식음식점,1630771818.8115942,264483750.71014494,380800712.0,232770749.26086956,185248482.98550725,0.2178,11.89,833374.0719178083,138103.5308219178,168226.2397260274,160608.52739726027,117424.95890410959,173262.2602739726,125143.80821917808,150242.89726027398,500020.3333333333,501734.1041666667,437357.0,76186.25,121408.75,111828.25,94206.75
서초구,2024,중식음식점,1058381580.8815789,116844610.32894737,192714293.57894737,145392975.77631578,133998616.0263158,0.2006,10.0,833374.0719178083,138103.5308219178,168226.2397260274,160608.52739726027,117424.95890410959,173262.2602739726,125143.80821917808,150242.89726027398,500020.3333333333,501734.1041666667,437357.0,76186.25,121408.75,111828.25,94206.75
서초구,2024,치킨전문점,478105611.73134327,51593044.76119403,94012535.10447761,87911619.59701492,84092440.85074627,0.2093,11.49,833374.0719178083,138103.5308219178,168226.2397260274,160608.52739726027,117424.95890410959,173262.2602739726,125143.80821917808,150242.89726027398,500020.3333333333,501734.1041666667,437357.0,76186.25,121408.75,111828.25,94206.75
서초구,2024,커피-음료,1144260053.4527364,192632994.24875623,284066093.74626863,206398751.33333334,157774606.02985075,0.2263,10.61,833374.0719178083,138103.5308219178,168226.2397260274,160608.52739726027,117424.95890410959,173262.2602739726,125143.80821917808,150242.89726027398,500020.3333333333,501734.1041666667,437357.0,76186.25,121408.75,111828.25,94206.75
서초구,2024,한식음식점,5091011401.678733,529779780.28506786,927841383.6334841,722633721.9547511,715972366.2533937,0.2069,9.3,833374.0719178083,138103.5308219178,168226.2397260274,160608.52739726027,117424.95890410959,173262.2602739726,125143.80821917808,150242.89726027398,500020.3333333333,501734.1041666667,437357.0,76186.25,121408.75,111828.25,94206.75
성동구,2019,분식전문점,123970168.8125,40307685.775,24773790.875,22213394.15,15401499.9625,0.2353,9.18,732765.8545454545,131378.64545454545,126902.9409090909,113776.7590909091,108149.34545454546,152686.3,95276.41363636364,126929.5090909091,315182.24074074073,315547.74074074073,60249.0,9907.0,14536.0,14471.0,12933.0
성동구,2019,양식음식점,160742322.19230768,69179294.8076923,31293189.423076924,18010001.653846152,12936050.73076923,0.2749,6.74,732765.8545454545,131378.64545454545,126902.9409090909,113776.7590909091,108149.34545454546,152686.3,95276.41363636364,126929.5090909091,315182.24074074073,315547.74074074073,60249.0,9907.0,14536.0,14471.0,12933.0
성동구,2019,일식음식점,227947429.86206895,43058728.5862069,42031062.827586204,42775981.89655172,28459133.379310343,0.1841,9.78,732765.8545454545,131378.64545454545,126902.9409090909,113776.7590909091,108149.34545454546,152686.3,95276.41363636364,126929.5090909091,315182.24074074073,315547.74074074073,60249.0,9907.0,14536.0,14471.0,12933.0
성동구,2019,중식음식점,183529758.38636363,59926212.13636363,32133188.522727273,27104134.40909091,19205629.727272727,0.2268,7.02,732765.8545454545,131378.64545454545,126902.9409090909,113776.7590909091,108149.34545454546,152686.3,95276.41363636364,126929.5090909091,315182.24074074073,315547.74074074073,60249.0,9907.0,14536.0,14471.0,12933.0
성동구,2019,치킨전문점,185552379.29411766,55184881.75,36615732.1617647,39358471.426470585,29123048.720588237,0.3098,11.52,732765.8545454545,131378.64545454545,126902.9409090909,113776.7590909091,108149.34545454546,152686.3,95276.41363636364,126929.5090909091,315182.24074074073,315547.74074074073,60249.0,9907.0,14536.0,14471.0,12933.0
성동구,2019,커피-음료,246063230.92436975,96270596.7394958,60356234.35294118,34136522.23529412,22132387.529411763,0.2585,12.41,732765.8545454545,131378.64545454545,126902.9409090909,113776.7590909091,108149.34545454546,152686.3,95276.41363636364,126929.5090909091,315182.24074074073,315547.74074074073,60249.0,9907.0,14536.0,14471.0,12933.0
성동구,2019,한식음식점,1329375415.7717392,256136003.35326087,233744035.5978261,230843166.5978261,216834423.88043478,0.2493,6.87,732765.8545454545,131378.64545454545,126902.9409090909,113776.7590909091,108149.34545454546,152686.3,95276.41363636364,126929.5090909091,315182.24074074073,315547.74074074073,60249.0,9907.0,14536.0,14471.0,12933.0
성동구,2020,분식전문점,140049754.2125,40120380.7875,30115523.7125,27287122.5,20100197.225,0.245,13.71,714621.5,130921.07272727272,127027.08636363636,112167.94545454545,106044.9409090909,148537.75,95471.70909090909,125142.07272727272,241209.2314814815,243354.52777777778,60218.25,9902.25,14550.0,14478.5,12930.75
성동구,2020,양식음식점,139888814.46666667,58397470.56666667,26763818.933333334,13488983.866666667,11978234.2,0.2397,13.58,714621.5,130921.07272727272,127027.08636363636,112167.94545454545,106044.9409090909,148537.75,95471.70909090909,125142.07272727272,241209.2314814815,243354.52777777778,60218.25,9902.25,14550.0,14478.5,12930.75
성동구,2020,일식음식점,224603387.8888889,55464688.083333336,41767554.027777776,31338006.166666668,29164727.916666668,0.215,10.88,714621.5,130921.07272727272,127027.08636363636,112167.94545454545,106044.9409090909,148537.75,95471.70909090909,125142.07272727272,241209.2314814815,243354.52777777778,60218.25,9902.25,14550.0,14478.5,12930.75
성동구,2020,중식음식점,145729298.8,39632819.8,24311059.17777778,22515355.31111111,17397940.48888889,0.213,6.72,714621.5,130921.07272727272,127027.08636363636,112167.94545454545,106044.9409090909,148537.75,95471.70909090909,125142.07272727272,241209.2314814815,243354.52777777778,60218.25,9902.25,14550.0,14478.5,12930.75
성동구,2020,치킨전문점,156974079.69014084,44821437.16901408,28643987.732394367,32750869.42253521,27692015.507042255,0.2972,9.39,714621.5,130921.07272727272,127027.08636363636,112167.94545454545,106044.9409090909,148537.75,95471.70909090909,125142.07272727272,241209.2314814815,243354.52777777778,60218.25,9902.25,14550.0,14478.5,12930.75
성동구,2020,커피-음료,265547797.5968992,101529720.78294574,67758952.31782946,35894291.31782946,24285125.170542635,0.2603,12.53,714621.5,130921.07272727272,127027.08636363636,112167.94545454545,106044.9409090909,148537.75,95471.70909090909,125142.07272727272,241209.2314814815,243354.52777777778,60218.25,9902.25,14550.0,14478.5,12930.75
성동구,2020,한식음식점,1379279972.4456522,262042642.11413044,247016332.3043478,232718541.0271739,237957282.9076087,0.2395,7.27,714621.5,130921.07272727272,127027.08636363636,112167.94545454545,106044.9409090909,148537.75,95471.70909090909,125142.07272727272,241209.2314814815,243354.52777777778,60218.25,9902.25,14550.0,14478.5,12930.75
성동구,2021,분식전문점,224060231.11764705,60973322.35294118,43921454.76470588,41701239.08235294,36444439.152941175,0.23,12.64,691217.6954545454,130381.86363636363,125332.93636363637,109416.78181818181,103329.88636363637,143656.3909090909,93586.95,121169.6909090909,251850.87962962964,254753.46296296295,60785.5,10036.25,14798.5,14673.75,13024.0
성동구,2021,양식음식점,136691056.1081081,53175774.5945946,29794727.91891892,14341178.702702703,12392554.918918919,0.2762,10.79,691217.6954545454,130381.86363636363,125332.93636363637,109416.78181818181,103329.88636363637,143656.3909090909,93586.95,121169.6909090909,251850.87962962964,254753.46296296295,60785.5,10036.25,14798.5,14673.75,13024.0
성동구,2021,일식음식점,234604997.8139535,65986310.20930233,47879606.46511628,29976388.255813953,30190464.51162791,0.2388,10.05,691217.6954545454,130381.86363636363,125332.93636363637,109416.78181818181,103329.88636363637,143656.3909090909,93586.95,121169.6909090909,251850.87962962964,254753.46296296295,60785.5,10036.25,14798.5,14673.75,13024.0
성동구,2021,중식음식점,187094865.0625,41114359.208333336,32422390.708333332,28958493.854166668,26845789.416666668,0.2367,9.02,691217.6954545454,130381.86363636363,125332.93636363637,109416.78181818181,103329.88636363637,143656.3909090909,93586.95,121169.6909090909,251850.87962962964,254753.46296296295,60785.5,10036.25,14798.5,14673.75,13024.0
성동구,2021,치킨전문점,135212528.43529412,28637976.870588236,22444632.97647059,27465869.494117647,30722294.529411763,0.2841,10.96,691217.6954545454,130381.86363636363,125332.93636363637,109416.78181818181,103329.88636363637,143656.3909090909,93586.95,121169.6909090909,251850.87962962964,254753.46296296295,60785.5,10036.25,14798.5,14673.75,13024.0
성동구,2021,커피-음료,336045253.05625,117976961.0375,89963626.78125,48502318.86875,32153383.20625,0.2628,13.48,691217.6954545454,130381.86363636363,125332.93636363637,109416.78181818181,103329.88636363637,143656.3909090909,93586.95,121169.6909090909,251850.87962962964,254753.46296296295,60785.5,10036.25,14798.5,14673.75,13024.0
성동구,2021,한식음식점,1666482013.4293478,300949086.95652175,306514194.0706522,263008327.26086956,282180041.8967391,0.2389,10.45,691217.6954545454,130381.86363636363,125332.93636363637,109416.78181818181,103329.88636363637,143656.3909090909,93586.95,121169.6909090909,251850.87962962964,254753.46296296295,60785.5,10036.25,14798.5,14673.75,13024.0
성동구,2022,분식전문점,233463020.34020618,60033207.96907216,45404400.12371134,38693560.88659794,37348502.309278354,0.2335,14.97,688821.4363636364,137200.06363636363,125786.67727272728,107332.38636363637,101473.11818181818,142484.6,92716.73636363636,121128.46363636364,288094.2361111111,291992.34722222225,62294.75,10382.5,15290.75,15080.0,13250.75
성동구,2022,양식음식점,199912781.72727272,77008771.72727273,47186981.18181818,18251533.204545453,16674724.909090908,0.3032,12.72,688821.4363636364,137200.06363636363,125786.67727272728,107332.38636363637,101473.11818181818,142484.6,92716.73636363636,121128.46363636364,288094.2361111111,291992.34722222225,62294.75,10382.5,15290.75,15080.0,13250.75
성동구,2022,일식음식점,275923284.2093023,81218297.51162791,59877538.906976745,31735816.51162791,32363375.674418606,0.2626,9.05,688821.4363636364,137200.06363636363,125786.67727272728,107332.38636363637,101473.11818181818,142484.6,92716.73636363636,121128.46363636364,288094.2361111111,291992.34722222225,62294.75,10382.5,15290.75,15080.0,13250.75
성동구,2022,중식음식점,209418916.0,44760410.865384616,37998074.865384616,30324723.403846152,30897044.153846152,0.2292,10.26,688821.4363636364,137200.06363636363,125786.67727272728,107332.38636363637,101473.11818181818,142484.6,92716.73636363636,121128.46363636364,288094.2361111111,291992.34722222225,62294.75,10382.5,15290.75,15080.0,13250.75
성동구,2022,치킨전문점,164300707.66265061,36265665.409638554,30297551.734939758,30395529.74698795,34063172.30120482,0.279,11.23,688821.4363636364,137200.06363636363,125786.67727272728,107332.38636363637,101473.11818181818,142484.6,92716.73636363636,121128.46363636364,288094.2361111111,291992.34722222225,62294.75,10382.5,15290.75,15080.0,13250.75
성동구,2022,커피-음료,334999590.625731,104892789.98245615,90589716.30409357,49969157.29239766,34957663.23976608,0.2692,15.18,688821.4363636364,137200.06363636363,125786.67727272728,107332.38636363637,101473.11818181818,142484.6,92716.73636363636,121128.46363636364,288094.2361111111,291992.34722222225,62294.75,10382.5,15290.75,15080.0,13250.75
성동구,2022,한식음식점,2009697428.3709676,352558571.3763441,381956646.93010753,296783705.3494624,325142142.32258064,0.2482,12.4,688821.4363636364,137200.06363636363,125786.67727272728,107332.38636363637,101473.11818181818,142484.6,92716.73636363636,121128.46363636364,288094.2361111111,291992.34722222225,62294.75,10382.5,15290.75,15080.0,13250.75
성동구,2023,분식전문점,290859968.2916667,66193830.520833336,55933588.552083336,45142005.739583336,45604588.135416664,0.2322,10.62,685019.9772727273,139635.8409090909,126196.79545454546,107529.22272727273,100075.72272727273,141601.13636363635,92004.88181818182,120206.39545454546,316399.7824074074,320609.7453703704,64956.5,10816.25,15978.0,15747.5,13809.25
성동구,2023,양식음식점,267382792.59183672,85738131.3265306,69197423.08163266,29431662.326530613,24002055.836734693,0.2975,10.32,685019.9772727273,139635.8409090909,126196.79545454546,107529.22272727273,100075.72272727273,141601.13636363635,92004.88181818182,120206.39545454546,316399.7824074074,320609.7453703704,64956.5,10816.25,15978.0,15747.5,13809.25
성동구,2023,일식음식점,315264020.9318182,93547082.54545455,72092396.22727273,35641679.79545455,36660993.22727273,0.2779,8.63,685019.9772727273,139635.8409090909,126196.79545454546,107529.22272727273,100075.72272727273,141601.13636363635,92004.88181818182,120206.39545454546,316399.7824074074,320609.7453703704,64956.5,10816.25,15978.0,15747.5,13809.25
성동구,2023,중식음식점,202165897.92727274,34816265.90909091,35762828.38181818,27907683.327272728,29517954.581818182,0.2053,3.51,685019.9772727273,139635.8409090909,126196.79545454546,107529.22272727273,100075.72272727273,141601.13636363635,92004.88181818182,120206.39545454546,316399.7824074074,320609.7453703704,64956.5,10816.25,15978.0,15747.5,13809.25
성동구,2023,치킨전문점,159178394.6883117,30470968.974025972,29594351.194805194,27552933.441558443,34568847.83116883,0.275,6.98,685019.9772727273,139635.8409090909,126196.79545454546,107529.22272727273,100075.72272727273,141601.13636363635,92004.88181818182,120206.39545454546,316399.7824074074,320609.7453703704,64956.5,10816.25,15978.0,15747.5,13809.25
성동구,2023,커피-음료,344583813.80588233,95159674.83529411,93995435.88235295,53320835.98235294,39017013.40588235,0.2669,10.76,685019.9772727273,139635.8409090909,126196.79545454546,107529.22272727273,100075.72272727273,141601.13636363635,92004.88181818182,120206.39545454546,316399.7824074074,320609.7453703704,64956.5,10816.25,15978.0,15747.5,13809.25
성동구,2023,한식음식점,2225318634.989305,364066636.56149733,431604151.77540106,312866403.4705882,354787376.64705884,0.247,7.3,685019.9772727273,139635.8409090909,126196.79545454546,107529.22272727273,100075.72272727273,141601.13636363635,92004.88181818182,120206.39545454546,316399.7824074074,320609.7453703704,64956.5,10816.25,15978.0,15747.5,13809.25
성동구,2024,분식전문점,266071608.64948454,54451721.443298966,55870277.577319585,41693890.164948456,43573740.432989694,0.2292,13.84,685208.9545454546,139134.31363636363,128152.4909090909,108174.1909090909,100306.17272727273,141668.22727272726,91912.3,119048.2409090909,333177.64814814815,337471.02777777775,76288.0,12762.5,18886.5,18532.25,16063.75
성동구,2024,양식음식점,229261118.27659574,71041001.80851063,68508029.23404256,29136440.55319149,20604461.23404255,0.3248,13.07,685208.9545454546,139134.31363636363,128152.4909090909,108174.1909090909,100306.17272727273,141668.22727272726,91912.3,119048.2409090909,333177.64814814815,337471.02777777775,76288.0,12762.5,18886.5,18532.25,16063.75
성동구,2024,일식음식점,334697586.2619048,97235820.61904761,76524175.6904762,38738941.61904762,41240321.61904762,0.2879,6.03,685208.9545454546,139134.31363636363,128152.4909090909,108174.1909090909,100306.17272727273,141668.22727272726,91912.3,119048.2409090909,333177.64814814815,337471.02777777775,76288.0,12762.5,18886.5,18532.25,16063.75
성동구,2024,중식음식점,198088192.22807017,28513865.245614037,36074116.298245616,27006721.0877193,29012259.52631579,0.2067,12.39,685208.9545454546,139134.31363636363,128152.4909090909,108174.1909090909,100306.17272727273,141668.22727272726,91912.3,119048.2409090909,333177.64814814815,337471.02777777775,76288.0,12762.5,18886.5,18532.25,16063.75
성동구,2024,치킨전문점,146881004.22368422,23807389.75,26108280.065789472,24932259.289473683,33856242.25,0.2775,8.73,685208.9545454546,139134.31363636363,128152.4909090909,108174.1909090909,100306.17272727273,141668.22727272726,91912.3,119048.2409090909,333177.64814814815,337471.02777777775,76288.0,12762.5,18886.5,18532.25,16063.75
성동구,2024,커피-음료,372653003.1845238,95471924.39880952,104147334.63095239,57823216.827380955,44497080.940476194,0.2687,15.83,685208.9545454546,139134.31363636363,128152.4909090909,108174.1909090909,100306.17272727273,141668.22727272726,91912.3,119048.2409090909,333177.64814814815,337471.02777777775,76288.0,12762.5,18886.5,18532.25,16063.75
성동구,2024,한식음식점,2277868826.453125,348402781.1875,464459367.4010417,308980979.484375,356385278.34375,0.2452,5.67,685208.9545454546,139134.31363636363,128152.4909090909,108174.1909090909,100306.17272727273,141668.22727272726,91912.3,119048.2409090909,333177.64814814815,337471.02777777775,76288.0,12762.5,18886.5,18532.25,16063.75
성북구,2019,분식전문점,182877465.57943925,66112087.44859813,32267356.962616824,37360216.76635514,23257741.55140187,0.3113,8.12,832533.947368421,162638.34539473685,111716.9572368421,117085.4177631579,112553.11513157895,168742.59210526315,101290.97368421052,145102.00657894736,327599.32692307694,313193.0512820513,59064.0,7267.0,14131.0,16650.0,14921.0
성북구,2019,양식음식점,317395115.90625,129188986.96875,53103025.0,44930330.90625,40929817.15625,0.2755,10.68,832533.947368421,162638.34539473685,111716.9572368421,117085.4177631579,112553.11513157895,168742.59210526315,101290.97368421052,145102.00657894736,327599.32692307694,313193.0512820513,59064.0,7267.0,14131.0,16650.0,14921.0
성북구,2019,일식음식점,244025943.80555555,83320043.5,44650417.277777776,43943786.416666664,36119720.527777776,0.3114,10.87,832533.947368421,162638.34539473685,111716.9572368421,117085.4177631579,112553.11513157895,168742.59210526315,101290.97368421052,145102.00657894736,327599.32692307694,313193.0512820513,59064.0,7267.0,14131.0,16650.0,14921.0
성북구,2019,중식음식점,209977083.29411766,52464408.676470585,30240524.970588237,32791979.5,26826075.67647059,0.2472,5.26,832533.947368421,162638.34539473685,111716.9572368421,117085.4177631579,112553.11513157895,168742.59210526315,101290.97368421052,145102.00657894736,327599.32692307694,313193.0512820513,59064.0,7267.0,14131.0,16650.0,14921.0
성북구,2019,치킨전문점,120571362.50943395,33590786.52830189,22223832.88679245,29582797.566037737,20965518.528301887,0.3287,7.14,832533.947368421,162638.34539473685,111716.9572368421,117085.4177631579,112553.11513157895,168742.59210526315,101290.97368421052,145102.00657894736,327599.32692307694,313193.0512820513,59064.0,7267.0,14131.0,16650.0,14921.0
성북구,2019,커피-음료,245909078.9625,109316314.1,43745385.24375,40392940.6,29289531.11875,0.2979,9.59,832533.947368421,162638.34539473685,111716.9572368421,117085.4177631579,112553.11513157895,168742.59210526315,101290.97368421052,145102.00657894736,327599.32692307694,313193.0512820513,59064.0,7267.0,14131.0,16650.0,14921.0
성북구,2019,한식음식점,907999922.4431373,175316641.5254902,153174854.88235295,195890376.60392156,183302958.2117647,0.3135,8.0,832533.947368421,162638.34539473685,111716.9572368421,117085.4177631579,112553.11513157895,168742.59210526315,101290.97368421052,145102.00657894736,327599.32692307694,313193.0512820513,59064.0,7267.0,14131.0,16650.0,14921.0
성북구,2020,분식전문점,173394595.91964287,61428191.0625,33211113.83035714,33876451.16964286,22113387.339285713,0.3027,11.61,803141.3980263158,158091.1447368421,112929.53947368421,114845.66447368421,110311.92105263157,162276.82894736843,97679.6875,140500.6019736842,230111.71153846153,220956.89102564103,60501.0,7495.5,14512.75,17064.75,15289.25
성북구,2020,양식음식점,254400845.1470588,98666891.97058824,47334128.794117644,38374990.058823526,34728972.88235294,0.2977,8.53,803141.3980263158,158091.1447368421,112929.53947368421,114845.66447368421,110311.92105263157,162276.82894736843,97679.6875,140500.6019736842,230111.71153846153,220956.89102564103,60501.0,7495.5,14512.75,17064.75,15289.25
성북구,2020,일식음식점,248185236.0357143,82038492.21428572,44025901.321428575,44718998.78571428,39744690.178571425,0.2973,10.29,803141.3980263158,158091.1447368421,112929.53947368421,114845.66447368421,110311.92105263157,162276.82894736843,97679.6875,140500.6019736842,230111.71153846153,220956.89102564103,60501.0,7495.5,14512.75,17064.75,15289.25
성북구,2020,중식음식점,155711516.5121951,32823902.536585364,23218856.56097561,29842072.658536587,25014046.292682927,0.2812,7.35,803141.3980263158,158091.1447368421,112929.53947368421,114845.66447368421,110311.92105263157,162276.82894736843,97679.6875,140500.6019736842,230111.71153846153,220956.89102564103,60501.0,7495.5,14512.75,17064.75,15289.25
성북구,2020,치킨전문점,83122624.0,20777119.338235293,14775712.088235294,20404196.5,17479315.92647059,0.3288,11.55,803141.3980263158,158091.1447368421,112929.53947368421,114845.66447368421,110311.92105263157,162276.82894736843,97679.6875,140500.6019736842,230111.71153846153,220956.89102564103,60501.0,7495.5,14512.75,17064.75,15289.25
성북구,2020,커피-음료,264937753.10126582,114545917.24683544,53036818.39240506,38998813.00632911,31991950.715189874,0.3032,8.17,803141.3980263158,158091.1447368421,112929.53947368421,114845.66447368421,110311.92105263157,162276.82894736843,97679.6875,140500.6019736842,230111.71153846153,220956.89102564103,60501.0,7495.5,14512.75,17064.75,15289.25
성북구,2020,한식음식점,827746728.3563218,152131904.09578544,137386959.4559387,174063071.59770116,178866004.24521074,0.3077,8.54,803141.3980263158,158091.1447368421,112929.53947368421,114845.66447368421,110311.92105263157,162276.82894736843,97679.6875,140500.6019736842,230111.71153846153,220956.89102564103,60501.0,7495.5,14512.75,17064.75,15289.25
성북구,2021,분식전문점,191874350.77862597,50959689.94656488,36364789.24427481,43031928.40458015,33934764.52671756,0.2936,7.44,780080.6611842106,152536.90460526315,110726.67434210527,112185.51644736843,109370.64802631579,157386.5230263158,95305.09868421052,137957.99671052632,233337.91666666666,225208.0705128205,64475.25,8146.5,15560.0,18193.0,16291.0
성북구,2021,양식음식점,314219161.25641024,122286399.07692307,55538957.23076923,46180893.256410256,43886883.820512824,0.2905,13.11,780080.6611842106,152536.90460526315,110726.67434210527,112185.51644736843,109370.64802631579,157386.5230263158,95305.09868421052,137957.99671052632,233337.91666666666,225208.0705128205,64475.25,8146.5,15560.0,18193.0,16291.0
성북구,2021,일식음식점,319428139.95454544,88091110.86363636,54330795.68181818,55202396.45454545,53648184.72727273,0.2684,10.34,780080.6611842106,152536.90460526315,110726.67434210527,112185.51644736843,109370.64802631579,157386.5230263158,95305.09868421052,137957.99671052632,233337.91666666666,225208.0705128205,64475.25,8146.5,15560.0,18193.0,16291.0
성북구,2021,중식음식점,201277176.45,42953732.425,28188428.625,37411704.225,36342905.05,0.3031,7.86,780080.6611842106,152536.90460526315,110726.67434210527,112185.51644736843,109370.64802631579,157386.5230263158,95305.09868421052,137957.99671052632,233337.91666666666,225208.0705128205,64475.25,8146.5,15560.0,18193.0,16291.0
성북구,2021,치킨전문점,117808323.94382022,25764976.93258427,19374618.08988764,25147106.325842697,27466979.674157303,0.3147,9.57,780080.6611842106,152536.90460526315,110726.67434210527,112185.51644736843,109370.64802631579,157386.5230263158,95305.09868421052,137957.99671052632,233337.91666666666,225208.0705128205,64475.25,8146.5,15560.0,18193.0,16291.0
성북구,2021,커피-음료,302644923.3368984,121580328.04812834,64697572.31016043,43521377.65775401,38564958.06417112,0.3027,8.04,780080.6611842106,152536.90460526315,110726.67434210527,112185.51644736843,109370.64802631579,157386.5230263158,95305.09868421052,137957.99671052632,233337.91666666666,225208.0705128205,64475.25,8146.5,15560.0,18193.0,16291.0
성북구,2021,한식음식점,943311334.8884616,148782883.6076923,150511461.56538463,184903933.51923078,219425607.91538462,0.307,7.13,780080.6611842106,152536.90460526315,110726.67434210527,112185.51644736843,109370.64802631579,157386.5230263158,95305.09868421052,137957.99671052632,233337.91666666666,225208.0705128205,64475.25,8146.5,15560.0,18193.0,16291.0
성북구,2022,분식전문점,224144160.21138212,54961500.63414634,41698229.53658537,51647581.42276423,42961198.94308943,0.2871,9.13,792697.615131579,162942.0822368421,111691.70394736843,112379.5427631579,110592.46052631579,160332.27631578947,96457.03289473684,138912.59210526315,268433.17307692306,258953.0064102564,63044.0,7917.75,15184.0,17771.75,15921.5
성북구,2022,양식음식점,444151370.64705884,154695636.97058824,83307558.79411764,67414000.26470588,70235218.73529412,0.2971,10.5,792697.615131579,162942.0822368421,111691.70394736843,112379.5427631579,110592.46052631579,160332.27631578947,96457.03289473684,138912.59210526315,268433.17307692306,258953.0064102564,63044.0,7917.75,15184.0,17771.75,15921.5
성북구,2022,일식음식점,264969683.93103448,70997249.62068966,44192094.344827585,45817129.862068966,49213637.62068965,0.2643,7.55,792697.615131579,162942.0822368421,111691.70394736843,112379.5427631579,110592.46052631579,160332.27631578947,96457.03289473684,138912.59210526315,268433.17307692306,258953.0064102564,63044.0,7917.75,15184.0,17771.75,15921.5
성북구,2022,중식음식점,224706358.95238096,44255246.26190476,32467806.69047619,42315628.28571428,42434530.666666664,0.3044,9.09,792697.615131579,162942.0822368421,111691.70394736843,112379.5427631579,110592.46052631579,160332.27631578947,96457.03289473684,138912.59210526315,268433.17307692306,258953.0064102564,63044.0,7917.75,15184.0,17771.75,15921.5
성북구,2022,치킨전문점,137861230.01265824,30654228.36708861,21265336.518987343,29536976.417721517,32197827.70886076,0.3082,5.41,792697.615131579,162942.0822368421,111691.70394736843,112379.5427631579,110592.46052631579,160332.27631578947,96457.03289473684,138912.59210526315,268433.17307692306,258953.0064102564,63044.0,7917.75,15184.0,17771.75,15921.5
성북구,2022,커피-음료,391932609.0730337,137895783.00561798,81974017.09550563,65442732.601123594,57844496.37078652,0.3016,8.32,792697.615131579,162942.0822368421,111691.70394736843,112379.5427631579,110592.46052631579,160332.27631578947,96457.03289473684,138912.59210526315,268433.17307692306,258953.0064102564,63044.0,7917.75,15184.0,17771.75,15921.5
성북구,2022,한식음식점,1172753015.4410646,183957312.99239543,186803025.13307986,225509550.4904943,269625901.17110264,0.3141,6.46,792697.615131579,162942.0822368421,111691.70394736843,112379.5427631579,110592.46052631579,160332.27631578947,96457.03289473684,138912.59210526315,268433.17307692306,258953.0064102564,63044.0,7917.75,15184.0,17771.75,15921.5
성북구,2023,분식전문점,231823182.4878049,53382808.23577236,39299295.3902439,53520879.81300813,47313212.12195122,0.2783,11.32,788511.5394736842,166240.82565789475,109382.39144736843,110728.92105263157,110777.26644736843,159669.2697368421,96298.50986842105,137766.86513157896,293484.6794871795,283403.3846153846,60000.75,7374.0,14500.5,16983.0,15249.25
성북구,2023,양식음식점,434010550.8181818,134615405.06060606,82754570.15151516,66182876.63636363,77212509.87878788,0.2799,10.53,788511.5394736842,166240.82565789475,109382.39144736843,110728.92105263157,110777.26644736843,159669.2697368421,96298.50986842105,137766.86513157896,293484.6794871795,283403.3846153846,60000.75,7374.0,14500.5,16983.0,15249.25
성북구,2023,일식음식점,231607509.8,65785629.37142857,45433312.571428575,35906166.97142857,41470941.885714285,0.2503,10.8,788511.5394736842,166240.82565789475,109382.39144736843,110728.92105263157,110777.26644736843,159669.2697368421,96298.50986842105,137766.86513157896,293484.6794871795,283403.3846153846,60000.75,7374.0,14500.5,16983.0,15249.25
성북구,2023,중식음식점,210200368.9019608,42076265.705882356,30074651.8627451,36896986.84313726,41523357.23529412,0.2929,8.16,788511.5394736842,166240.82565789475,109382.39144736843,110728.92105263157,110777.26644736843,159669.2697368421,96298.50986842105,137766.86513157896,293484.6794871795,283403.3846153846,60000.75,7374.0,14500.5,16983.0,15249.25
성북구,2023,치킨전문점,126920690.7721519,23326364.493670885,19051442.75949367,26899030.544303797,34348811.468354434,0.2979,10.05,788511.5394736842,166240.82565789475,109382.39144736843,110728.92105263157,110777.26644736843,159669.2697368421,96298.50986842105,137766.86513157896,293484.6794871795,283403.3846153846,60000.75,7374.0,14500.5,16983.0,15249.25
성북구,2023,커피-음료,445608829.1436782,141703090.1321839,93041063.58045977,78386992.21839081,73709711.31609195,0.3008,13.9,788511.5394736842,166240.82565789475,109382.39144736843,110728.92105263157,110777.26644736843,159669.2697368421,96298.50986842105,137766.86513157896,293484.6794871795,283403.3846153846,60000.75,7374.0,14500.5,16983.0,15249.25
성북구,2023,한식음식점,1290446033.1730769,192410995.2423077,205307196.1346154,231355744.14615384,299850147.7846154,0.3102,9.69,788511.5394736842,166240.82565789475,109382.39144736843,110728.92105263157,110777.26644736843,159669.2697368421,96298.50986842105,137766.86513157896,293484.6794871795,283403.3846153846,60000.75,7374.0,14500.5,16983.0,15249.25
성북구,2024,분식전문점,211223800.3053435,48285776.65648855,35856401.94656488,45048340.664122134,45406142.6870229,0.2677,8.38,788361.8881578947,168238.92105263157,108663.05263157895,111433.88815789473,112449.71052631579,160319.63815789475,95848.00986842105,137412.8552631579,300963.7756410256,290424.4294871795,58146.5,7235.0,14098.0,16364.25,14697.0
성북구,2024,양식음식점,353676212.51428574,105427200.11428571,72379355.0,54986947.571428575,66699351.342857145,0.2943,11.86,788361.8881578947,168238.92105263157,108663.05263157895,111433.88815789473,112449.71052631579,160319.63815789475,95848.00986842105,137412.8552631579,300963.7756410256,290424.4294871795,58146.5,7235.0,14098.0,16364.25,14697.0
성북구,2024,일식음식점,171386631.65789473,54283759.578947365,36181959.55263158,25244722.42105263,28874062.657894738,0.2582,16.3,788361.8881578947,168238.92105263157,108663.05263157895,111433.88815789473,112449.71052631579,160319.63815789475,95848.00986842105,137412.8552631579,300963.7756410256,290424.4294871795,58146.5,7235.0,14098.0,16364.25,14697.0
성북구,2024,중식음식점,198079585.56862745,37223227.039215684,31997554.17647059,33484735.37254902,40524753.960784316,0.2851,7.79,788361.8881578947,168238.92105263157,108663.05263157895,111433.88815789473,112449.71052631579,160319.63815789475,95848.00986842105,137412.8552631579,300963.7756410256,290424.4294871795,58146.5,7235.0,14098.0,16364.25,14697.0
성북구,2024,치킨전문점,125385581.78947368,20068784.13157895,26366455.907894738,25050049.065789472,30741014.63157895,0.2871,10.57,788361.8881578947,168238.92105263157,108663.05263157895,111433.88815789473,112449.71052631579,160319.63815789475,95848.00986842105,137412.8552631579,300963.7756410256,290424.4294871795,58146.5,7235.0,14098.0,16364.25,14697.0
성북구,2024,커피-음료,393579398.1027027,114747848.2972973,83692154.56216216,69013452.48108108,69001020.6,0.2982,11.91,788361.8881578947,168238.92105263157,108663.05263157895,111433.88815789473,112449.71052631579,160319.63815789475,95848.00986842105,137412.8552631579,300963.7756410256,290424.4294871795,58146.5,7235.0,14098.0,16364.25,14697.0
성북구,2024,한식음식점,1368623440.0195312,194790590.78125,222426892.11328125,236517964.91015625,315264714.2421875,0.305,7.49,788361.8881578947,168238.92105263157,108663.05263157895,111433.88815789473,112449.71052631579,160319.63815789475,95848.00986842105,137412.8552631579,300963.7756410256,290424.4294871795,58146.5,7235.0,14098.0,16364.25,14697.0
송파구,2019,분식전문점,462614560.48125,122415158.0,116647657.91875,109132632.81875,57495074.0125,0.3477,9.32,1021404.8571428572,150285.37857142856,182237.425,159375.17142857143,152041.69285714286,206078.1,122390.66785714286,174601.275,349101.3132183908,346267.3563218391,328635.0,47153.0,80657.0,85216.0,76618.0
송파구,2019,양식음식점,597297983.1428572,144381039.64285713,154898310.15714285,111602906.65714286,76822515.95714286,0.3843,10.0,1021404.8571428572,150285.37857142856,182237.425,159375.17142857143,152041.69285714286,206078.1,122390.66785714286,174601.275,349101.3132183908,346267.3563218391,328635.0,47153.0,80657.0,85216.0,76618.0
송파구,2019,일식음식점,289805950.7380952,45903868.10714286,60655072.809523806,54773497.64285714,34667365.97619048,0.2222,10.67,1021404.8571428572,150285.37857142856,182237.425,159375.17142857143,152041.69285714286,206078.1,122390.66785714286,174601.275,349101.3132183908,346267.3563218391,328635.0,47153.0,80657.0,85216.0,76618.0
송파구,2019,중식음식점,229190423.93617022,39925683.20212766,52086617.4893617,49485271.79787234,30909412.59574468,0.2869,7.8,1021404.8571428572,150285.37857142856,182237.425,159375.17142857143,152041.69285714286,206078.1,122390.66785714286,174601.275,349101.3132183908,346267.3563218391,328635.0,47153.0,80657.0,85216.0,76618.0
송파구,2019,치킨전문점,225259083.43965518,52903765.12068965,48948135.76724138,52935960.87931035,35989177.68103448,0.3281,10.27,1021404.8571428572,150285.37857142856,182237.425,159375.17142857143,152041.69285714286,206078.1,122390.66785714286,174601.275,349101.3132183908,346267.3563218391,328635.0,47153.0,80657.0,85216.0,76618.0
송파구,2019,커피-음료,525581650.9587629,149261221.70618558,140529717.371134,99115007.48969072,57794785.86597938,0.305,11.55,1021404.8571428572,150285.37857142856,182237.425,159375.17142857143,152041.69285714286,206078.1,122390.66785714286,174601.275,349101.3132183908,346267.3563218391,328635.0,47153.0,80657.0,85216.0,76618.0
송파구,2019,한식음식점,2554113439.6022725,385925230.17045456,517832660.45454544,476529359.3598485,412971888.7916667,0.3037,8.8,1021404.8571428572,150285.37857142856,182237.425,159375.17142857143,152041.69285714286,206078.1,122390.66785714286,174601.275,349101.3132183908,346267.3563218391,328635.0,47153.0,80657.0,85216.0,76618.0
송파구,2020,분식전문점,399763304.1481481,86915412.21604939,93957432.37037037,91946135.01851852,59743614.709876545,0.3036,6.79,1018849.625,154569.87142857144,187506.0357142857,162578.6857142857,149496.71071428573,207053.2785714286,123171.72857142857,173166.25357142856,251081.35057471265,250286.77586206896,329966.75,47335.75,81129.75,85680.5,76876.5
송파구,2020,양식음식점,542872213.6111112,138884002.80555555,140510833.3611111,92717051.2638889,69601046.91666667,0.3612,10.53,1018849.625,154569.87142857144,187506.0357142857,162578.6857142857,149496.71071428573,207053.2785714286,123171.72857142857,173166.25357142856,251081.35057471265,250286.77586206896,329966.75,47335.75,81129.75,85680.5,76876.5
송파구,2020,일식음식점,392033971.6847826,82108351.27173913,91290521.89130434,62415873.39130435,47308433.36956522,0.2469,9.21,1018849.625,154569.87142857144,187506.0357142857,162578.6857142857,149496.71071428573,207053.2785714286,123171.72857142857,173166.25357142856,251081.35057471265,250286.77586206896,329966.75,47335.75,81129.75,85680.5,76876.5
송파구,2020,중식음식점,233271355.98876405,45835897.70786517,52828690.38202247,47933680.24719101,32782282.988764044,0.2661,6.07,1018849.625,154569.87142857144,187506.0357142857,162578.6857142857,149496.71071428573,207053.2785714286,123171.72857142857,173166.25357142856,251081.35057471265,250286.77586206896,329966.75,47335.75,81129.75,85680.5,76876.5
송파구,2020,치킨전문점,191155282.56451613,44056454.52419355,41409870.62096774,42609101.91935484,35069556.09677419,0.317,9.29,1018849.625,154569.87142857144,187506.0357142857,162578.6857142857,149496.71071428573,207053.2785714286,123171.72857142857,173166.25357142856,251081.35057471265,250286.77586206896,329966.75,47335.75,81129.75,85680.5,76876.5
송파구,2020,커피-음료,485279106.6564103,142524389.53846154,131628278.44102564,88509303.01025641,54700127.14871795,0.2765,9.84,1018849.625,154569.87142857144,187506.0357142857,162578.6857142857,149496.71071428573,207053.2785714286,123171.72857142857,173166.25357142856,251081.35057471265,250286.77586206896,329966.75,47335.75,81129.75,85680.5,76876.5
송파구,2020,한식음식점,2437808854.4712644,388708831.86206895,499764303.2988506,435224077.09578544,403368834.79310346,0.2847,7.68,1018849.625,154569.87142857144,187506.0357142857,162578.6857142857,149496.71071428573,207053.2785714286,123171.72857142857,173166.25357142856,251081.35057471265,250286.77586206896,329966.75,47335.75,81129.75,85680.5,76876.5
송파구,2021,분식전문점,375198674.52459013,65727314.40437158,85999274.05464481,96389458.83606558,63439538.169398904,0.2855,8.67,1009680.2285714286,151291.55714285714,188310.325,164666.18214285714,147017.4714285714,205518.04285714286,123404.77857142857,173739.00714285715,258441.4971264368,258803.30172413794,339396.25,48596.25,83843.0,88456.25,78981.0
송파구,2021,양식음식점,539821086.175,128222617.2875,137853756.3375,90517803.35,73719045.6625,0.3784,8.18,1009680.2285714286,151291.55714285714,188310.325,164666.18214285714,147017.4714285714,205518.04285714286,123404.77857142857,173739.00714285715,258441.4971264368,258803.30172413794,339396.25,48596.25,83843.0,88456.25,78981.0
송파구,2021,일식음식점,521734349.1505376,120579557.59139785,126107446.0107527,79995380.08602151,60478462.451612905,0.2716,8.52,1009680.2285714286,151291.55714285714,188310.325,164666.18214285714,147017.4714285714,205518.04285714286,123404.77857142857,173739.00714285715,258441.4971264368,258803.30172413794,339396.25,48596.25,83843.0,88456.25,78981.0
송파구,2021,중식음식점,293063119.25,52887532.82692308,62932033.34615385,59419572.64423077,43336175.307692304,0.2695,11.26,1009680.2285714286,151291.55714285714,188310.325,164666.18214285714,147017.4714285714,205518.04285714286,123404.77857142857,173739.00714285715,258441.4971264368,258803.30172413794,339396.25,48596.25,83843.0,88456.25,78981.0
송파구,2021,치킨전문점,167896777.5821918,28695180.760273974,32245826.787671234,40250301.43835616,34799963.11643836,0.3033,11.16,1009680.2285714286,151291.55714285714,188310.325,164666.18214285714,147017.4714285714,205518.04285714286,123404.77857142857,173739.00714285715,258441.4971264368,258803.30172413794,339396.25,48596.25,83843.0,88456.25,78981.0
송파구,2021,커피-음료,612585967.1239316,161004506.2264957,162348310.05555555,117958590.46153846,76893700.83760683,0.2899,11.64,1009680.2285714286,151291.55714285714,188310.325,164666.18214285714,147017.4714285714,205518.04285714286,123404.77857142857,173739.00714285715,258441.4971264368,258803.30172413794,339396.25,48596.25,83843.0,88456.25,78981.0
송파구,2021,한식음식점,2799592326.4732823,430349528.13740456,564417957.9465649,482479927.8778626,467615602.4694657,0.2855,8.72,1009680.2285714286,151291.55714285714,188310.325,164666.18214285714,147017.4714285714,205518.04285714286,123404.77857142857,173739.00714285715,258441.4971264368,258803.30172413794,339396.25,48596.25,83843.0,88456.25,78981.0
송파구,2022,분식전문점,376207299.6312849,52166649.01117318,83572206.24022347,99868997.23463687,67518869.05027933,0.2736,9.59,1014630.7321428572,149380.64285714287,191947.83214285714,166578.86071428572,146835.51785714287,205497.01785714287,123946.46071428571,176069.98214285713,299776.9885057471,300151.7270114943,350307.25,50067.75,86421.75,91150.5,81825.25
송파구,2022,양식음식점,765682554.6621622,154249153.83783785,198550598.36486486,148133504.8783784,100049048.67567568,0.3927,10.13,1014630.7321428572,149380.64285714287,191947.83214285714,166578.86071428572,146835.51785714287,205497.01785714287,123946.46071428571,176069.98214285713,299776.9885057471,300151.7270114943,350307.25,50067.75,86421.75,91150.5,81825.25
송파구,2022,일식음식점,527334458.34782606,100405810.13043478,131214449.05434783,87568653.13043478,65095068.347826086,0.2811,8.8,1014630.7321428572,149380.64285714287,191947.83214285714,166578.86071428572,146835.51785714287,205497.01785714287,123946.46071428571,176069.98214285713,299776.9885057471,300151.7270114943,350307.25,50067.75,86421.75,91150.5,81825.25
송파구,2022,중식음식점,314982007.6086956,47460594.252173916,66931661.46956522,63430591.59130435,48021092.64347826,0.2879,9.13,1014630.7321428572,149380.64285714287,191947.83214285714,166578.86071428572,146835.51785714287,205497.01785714287,123946.46071428571,176069.98214285713,299776.9885057471,300151.7270114943,350307.25,50067.75,86421.75,91150.5,81825.25
송파구,2022,치킨전문점,223310684.95683452,36854160.17266187,51398951.98561151,48426185.474820144,42779457.85611511,0.3159,12.05,1014630.7321428572,149380.64285714287,191947.83214285714,166578.86071428572,146835.51785714287,205497.01785714287,123946.46071428571,176069.98214285713,299776.9885057471,300151.7270114943,350307.25,50067.75,86421.75,91150.5,81825.25
송파구,2022,커피-음료,683755493.0368853,157579024.02459016,186866796.05737704,134097115.01229508,92573754.47131148,0.3102,11.66,1014630.7321428572,149380.64285714287,191947.83214285714,166578.86071428572,146835.51785714287,205497.01785714287,123946.46071428571,176069.98214285713,299776.9885057471,300151.7270114943,350307.25,50067.75,86421.75,91150.5,81825.25
송파구,2022,한식음식점,3546879871.8093386,541160499.4046693,768404980.3774319,599007427.4124514,566278124.1984435,0.31,8.99,1014630.7321428572,149380.64285714287,191947.83214285714,166578.86071428572,146835.51785714287,205497.01785714287,123946.46071428571,176069.98214285713,299776.9885057471,300151.7270114943,350307.25,50067.75,86421.75,91150.5,81825.25
송파구,2023,분식전문점,430571360.07954544,57378221.43181818,101696234.26704545,116695700.51704545,76169921.17613636,0.285,9.17,1004083.8642857143,146797.65714285715,188522.0892857143,166559.10357142857,145583.1607142857,202477.6607142857,122051.52142857143,174880.89642857143,331014.8706896552,330959.1666666667,333882.75,48092.5,82616.5,86855.25,78005.5
송파구,2023,양식음식점,926577163.5324675,141861855.1948052,227353829.62337664,197725961.98701298,135976533.01298702,0.3875,10.31,1004083.8642857143,146797.65714285715,188522.0892857143,166559.10357142857,145583.1607142857,202477.6607142857,122051.52142857143,174880.89642857143,331014.8706896552,330959.1666666667,333882.75,48092.5,82616.5,86855.25,78005.5
송파구,2023,일식음식점,578735242.9545455,110949526.80681819,147823943.5681818,101473077.0340909,70865917.6590909,0.2832,10.33,1004083.8642857143,146797.65714285715,188522.0892857143,166559.10357142857,145583.1607142857,202477.6607142857,122051.52142857143,174880.89642857143,331014.8706896552,330959.1666666667,333882.75,48092.5,82616.5,86855.25,78005.5
송파구,2023,중식음식점,343293757.3965517,41998679.76724138,72486360.25,72242867.23275863,52834541.56896552,0.2877,10.25,1004083.8642857143,146797.65714285715,188522.0892857143,166559.10357142857,145583.1607142857,202477.6607142857,122051.52142857143,174880.89642857143,331014.8706896552,330959.1666666667,333882.75,48092.5,82616.5,86855.25,78005.5
송파구,2023,치킨전문점,224281630.16541353,31281195.19548872,52986805.90977444,49983758.90977444,43476344.36090226,0.3171,8.72,1004083.8642857143,146797.65714285715,188522.0892857143,166559.10357142857,145583.1607142857,202477.6607142857,122051.52142857143,174880.89642857143,331014.8706896552,330959.1666666667,333882.75,48092.5,82616.5,86855.25,78005.5
송파구,2023,커피-음료,744114304.0731708,147342616.20731708,197401412.1300813,147653152.74390244,104699449.12601626,0.3067,12.67,1004083.8642857143,146797.65714285715,188522.0892857143,166559.10357142857,145583.1607142857,202477.6607142857,122051.52142857143,174880.89642857143,331014.8706896552,330959.1666666667,333882.75,48092.5,82616.5,86855.25,78005.5
송파구,2023,한식음식점,3917163817.7193675,554236414.743083,853379180.2213439,669246600.4189724,616967151.6956521,0.3111,9.65,1004083.8642857143,146797.65714285715,188522.0892857143,166559.10357142857,145583.1607142857,202477.6607142857,122051.52142857143,174880.89642857143,331014.8706896552,330959.1666666667,333882.75,48092.5,82616.5,86855.25,78005.5
송파구,2024,분식전문점,524855962.1846154,77776379.04102564,140995453.68205127,132835730.58461538,84655169.65641026,0.3031,9.98,1006173.5285714286,147352.17857142858,189907.94642857142,168436.61428571428,144058.475,202637.64642857143,122126.83214285714,175361.11071428572,346641.0977011494,345107.1982758621,352322.0,51085.25,88454.25,92587.25,80625.75
송파구,2024,양식음식점,840249053.2068965,113134773.55172414,203509931.5402299,173665278.66666666,122643801.95402299,0.3742,16.78,1006173.5285714286,147352.17857142858,189907.94642857142,168436.61428571428,144058.475,202637.64642857143,122126.83214285714,175361.11071428572,346641.0977011494,345107.1982758621,352322.0,51085.25,88454.25,92587.25,80625.75
송파구,2024,일식음식점,611866518.3111111,127357154.74444444,165436754.18888888,105604346.91111112,72126068.21111111,0.2945,12.8,1006173.5285714286,147352.17857142858,189907.94642857142,168436.61428571428,144058.475,202637.64642857143,122126.83214285714,175361.11071428572,346641.0977011494,345107.1982758621,352322.0,51085.25,88454.25,92587.25,80625.75
송파구,2024,중식음식점,356999231.4727273,40543120.60909091,79706253.82727273,71288418.1,55434207.36363637,0.2709,8.75,1006173.5285714286,147352.17857142858,189907.94642857142,168436.61428571428,144058.475,202637.64642857143,122126.83214285714,175361.11071428572,346641.0977011494,345107.1982758621,352322.0,51085.25,88454.25,92587.25,80625.75
송파구,2024,치킨전문점,210490703.43703705,29072934.82222222,51793705.96296296,44110397.733333334,39471140.0,0.3149,12.78,1006173.5285714286,147352.17857142858,189907.94642857142,168436.61428571428,144058.475,202637.64642857143,122126.83214285714,175361.11071428572,346641.0977011494,345107.1982758621,352322.0,51085.25,88454.25,92587.25,80625.75
송파구,2024,커피-음료,813727909.8888888,147139901.23868313,219683238.0288066,163202408.72839507,118916633.01646091,0.3068,14.97,1006173.5285714286,147352.17857142858,189907.94642857142,168436.61428571428,144058.475,202637.64642857143,122126.83214285714,175361.11071428572,346641.0977011494,345107.1982758621,352322.0,51085.25,88454.25,92587.25,80625.75
송파구,2024,한식음식점,4068663316.5418324,540501171.501992,910847888.250996,678267400.749004,637029505.8326694,0.3073,10.76,1006173.5285714286,147352.17857142858,189907.94642857142,168436.61428571428,144058.475,202637.64642857143,122126.83214285714,175361.11071428572,346641.0977011494,345107.1982758621,352322.0,51085.25,88454.25,92587.25,80625.75
양천구,2019,분식전문점,203377683.04347825,32799038.402173914,45770761.30434783,62959187.097826086,35987040.69565217,0.3389,9.12,716723.0446428572,86294.28571428571,103559.80357142857,115106.33482142857,109719.64732142857,145906.73660714287,81163.375,118525.57142857143,392829.97222222225,394933.0416666667,74776.0,11398.0,18435.0,18445.0,16260.0
양천구,2019,양식음식점,70345976.70588236,8599106.764705881,9825399.88235294,26393208.29411765,15447882.529411765,0.3679,9.09,716723.0446428572,86294.28571428571,103559.80357142857,115106.33482142857,109719.64732142857,145906.73660714287,81163.375,118525.57142857143,392829.97222222225,394933.0416666667,74776.0,11398.0,18435.0,18445.0,16260.0
양천구,2019,일식음식점,171987974.26923078,25544717.153846152,34405322.92307692,35873631.961538464,26116336.346153848,0.2195,16.67,716723.0446428572,86294.28571428571,103559.80357142857,115106.33482142857,109719.64732142857,145906.73660714287,81163.375,118525.57142857143,392829.97222222225,394933.0416666667,74776.0,11398.0,18435.0,18445.0,16260.0
양천구,2019,중식음식점,105509299.46875,9988244.75,19536797.0625,27415083.75,18079764.375,0.3016,8.73,716723.0446428572,86294.28571428571,103559.80357142857,115106.33482142857,109719.64732142857,145906.73660714287,81163.375,118525.57142857143,392829.97222222225,394933.0416666667,74776.0,11398.0,18435.0,18445.0,16260.0
양천구,2019,치킨전문점,153426607.84415585,22912086.363636363,29350825.064935066,50814205.09090909,33405828.974025972,0.3414,11.69,716723.0446428572,86294.28571428571,103559.80357142857,115106.33482142857,109719.64732142857,145906.73660714287,81163.375,118525.57142857143,392829.97222222225,394933.0416666667,74776.0,11398.0,18435.0,18445.0,16260.0
양천구,2019,커피-음료,168856956.26190478,37316651.9047619,37921432.21428572,42529227.96428572,23230404.916666668,0.2686,12.81,716723.0446428572,86294.28571428571,103559.80357142857,115106.33482142857,109719.64732142857,145906.73660714287,81163.375,118525.57142857143,392829.97222222225,394933.0416666667,74776.0,11398.0,18435.0,18445.0,16260.0
양천구,2019,한식음식점,901328285.7487179,107871215.23589744,160569573.67179486,218993808.2,195582225.2820513,0.3178,9.7,716723.0446428572,86294.28571428571,103559.80357142857,115106.33482142857,109719.64732142857,145906.73660714287,81163.375,118525.57142857143,392829.97222222225,394933.0416666667,74776.0,11398.0,18435.0,18445.0,16260.0
양천구,2020,분식전문점,180807300.26041666,26428863.010416668,38441492.822916664,55571925.541666664,36910617.78125,0.32,9.78,729434.4375,91054.09821428571,104577.75,117845.52678571429,110002.76785714286,147798.7857142857,84276.24553571429,121660.22767857143,302280.05555555556,304058.84722222225,74727.5,11412.0,18482.5,18452.0,16238.25
양천구,2020,양식음식점,89028260.07142857,15426549.214285715,13892644.857142856,27577570.5,18264525.17857143,0.26,14.12,729434.4375,91054.09821428571,104577.75,117845.52678571429,110002.76785714286,147798.7857142857,84276.24553571429,121660.22767857143,302280.05555555556,304058.84722222225,74727.5,11412.0,18482.5,18452.0,16238.25
양천구,2020,일식음식점,185278038.80769232,30689819.53846154,39258786.23076923,37336016.461538464,27254445.423076924,0.2255,10.45,729434.4375,91054.09821428571,104577.75,117845.52678571429,110002.76785714286,147798.7857142857,84276.24553571429,121660.22767857143,302280.05555555556,304058.84722222225,74727.5,11412.0,18482.5,18452.0,16238.25
양천구,2020,중식음식점,110258480.21621622,12735033.162162162,19608040.594594594,27821648.43243243,20064878.324324325,0.2913,4.92,729434.4375,91054.09821428571,104577.75,117845.52678571429,110002.76785714286,147798.7857142857,84276.24553571429,121660.22767857143,302280.05555555556,304058.84722222225,74727.5,11412.0,18482.5,18452.0,16238.25
양천구,2020,치킨전문점,135393640.87341774,18456910.848101266,23665996.797468353,41612029.56962025,34010241.721518986,0.3276,11.32,729434.4375,91054.09821428571,104577.75,117845.52678571429,110002.76785714286,147798.7857142857,84276.24553571429,121660.22767857143,302280.05555555556,304058.84722222225,74727.5,11412.0,18482.5,18452.0,16238.25
양천구,2020,커피-음료,153886829.6095238,36982112.29523809,37348627.2,35074109.266666666,20842424.00952381,0.2657,10.22,729434.4375,91054.09821428571,104577.75,117845.52678571429,110002.76785714286,147798.7857142857,84276.24553571429,121660.22767857143,302280.05555555556,304058.84722222225,74727.5,11412.0,18482.5,18452.0,16238.25
양천구,2020,한식음식점,883872688.7970297,113278813.79207921,154050233.04950494,200050490.9108911,201582895.78712872,0.3098,9.14,729434.4375,91054.09821428571,104577.75,117845.52678571429,110002.76785714286,147798.7857142857,84276.24553571429,121660.22767857143,302280.05555555556,304058.84722222225,74727.5,11412.0,18482.5,18452.0,16238.25
양천구,2021,분식전문점,199030744.52380952,26768602.438095238,37609192.52380952,60244517.733333334,43899972.104761906,0.3092,14.03,700768.9821428572,86278.60267857143,100990.0625,113764.78125,105163.09821428571,140974.08035714287,80633.03571428571,117199.61160714286,305701.6666666667,308934.52777777775,75482.75,11585.75,18867.25,18720.0,16375.25
양천구,2021,양식음식점,120482229.85294117,14955273.029411765,19095026.67647059,39514335.705882356,27226395.470588237,0.2587,13.19,700768.9821428572,86278.60267857143,100990.0625,113764.78125,105163.09821428571,140974.08035714287,80633.03571428571,117199.61160714286,305701.6666666667,308934.52777777775,75482.75,11585.75,18867.25,18720.0,16375.25
양천구,2021,일식음식점,248147581.62857142,36137270.114285715,48760746.37142857,56920191.14285714,45288100.14285714,0.2738,15.22,700768.9821428572,86278.60267857143,100990.0625,113764.78125,105163.09821428571,140974.08035714287,80633.03571428571,117199.61160714286,305701.6666666667,308934.52777777775,75482.75,11585.75,18867.25,18720.0,16375.25
양천구,2021,중식음식점,229640277.27906978,23131533.0,34703587.86046512,59389684.906976745,49356723.1627907,0.335,13.14,700768.9821428572,86278.60267857143,100990.0625,113764.78125,105163.09821428571,140974.08035714287,80633.03571428571,117199.61160714286,305701.6666666667,308934.52777777775,75482.75,11585.75,18867.25,18720.0,16375.25
양천구,2021,치킨전문점,202815596.72093022,29022586.441860463,35277756.511627905,54384514.02325582,47965202.255813956,0.3201,11.28,700768.9821428572,86278.60267857143,100990.0625,113764.78125,105163.09821428571,140974.08035714287,80633.03571428571,117199.61160714286,305701.6666666667,308934.52777777775,75482.75,11585.75,18867.25,18720.0,16375.25
양천구,2021,커피-음료,175198719.43312103,41277818.700636946,40930744.439490445,40984433.318471335,26160269.49044586,0.2843,16.73,700768.9821428572,86278.60267857143,100990.0625,113764.78125,105163.09821428571,140974.08035714287,80633.03571428571,117199.61160714286,305701.6666666667,308934.52777777775,75482.75,11585.75,18867.25,18720.0,16375.25
양천구,2021,한식음식점,999874803.6792452,116167992.94339623,163858121.08490565,216174361.70754716,230293744.43396226,0.3138,11.56,700768.9821428572,86278.60267857143,100990.0625,113764.78125,105163.09821428571,140974.08035714287,80633.03571428571,117199.61160714286,305701.6666666667,308934.52777777775,75482.75,11585.75,18867.25,18720.0,16375.25
양천구,2022,분식전문점,219801997.06796116,22977540.80582524,41700085.9223301,65953618.15533981,52610806.310679615,0.3181,11.2,677101.25,82101.25446428571,99610.00892857143,111023.82589285714,102153.05357142857,136614.13839285713,77109.93303571429,112608.34375,331171.69444444444,330161.7916666667,76978.5,11790.25,19264.5,19154.0,16734.5
양천구,2022,양식음식점,165327763.9375,17919236.3125,27833671.0,56758462.34375,35634760.59375,0.2974,14.91,677101.25,82101.25446428571,99610.00892857143,111023.82589285714,102153.05357142857,136614.13839285713,77109.93303571429,112608.34375,331171.69444444444,330161.7916666667,76978.5,11790.25,19264.5,19154.0,16734.5
양천구,2022,일식음식점,280151086.27272725,38304095.39393939,60358346.57575758,63646894.03030303,53041790.78787879,0.3056,3.68,677101.25,82101.25446428571,99610.00892857143,111023.82589285714,102153.05357142857,136614.13839285713,77109.93303571429,112608.34375,331171.69444444444,330161.7916666667,76978.5,11790.25,19264.5,19154.0,16734.5
양천구,2022,중식음식점,290726015.2051282,42237905.974358976,53360707.0,67337255.02564102,56158709.84615385,0.344,9.56,677101.25,82101.25446428571,99610.00892857143,111023.82589285714,102153.05357142857,136614.13839285713,77109.93303571429,112608.34375,331171.69444444444,330161.7916666667,76978.5,11790.25,19264.5,19154.0,16734.5
양천구,2022,치킨전문점,231121706.89655173,31955680.88505747,40082825.73563218,59925996.93103448,54301727.45977011,0.3276,8.1,677101.25,82101.25446428571,99610.00892857143,111023.82589285714,102153.05357142857,136614.13839285713,77109.93303571429,112608.34375,331171.69444444444,330161.7916666667,76978.5,11790.25,19264.5,19154.0,16734.5
양천구,2022,커피-음료,193402691.58974358,38825730.03205128,46060688.87820513,48995897.54487179,31769084.532051284,0.3059,13.57,677101.25,82101.25446428571,99610.00892857143,111023.82589285714,102153.05357142857,136614.13839285713,77109.93303571429,112608.34375,331171.69444444444,330161.7916666667,76978.5,11790.25,19264.5,19154.0,16734.5
양천구,2022,한식음식점,1188307517.4423077,122324502.65865384,202100756.94230768,251799511.59615386,270240590.74038464,0.3251,9.24,677101.25,82101.25446428571,99610.00892857143,111023.82589285714,102153.05357142857,136614.13839285713,77109.93303571429,112608.34375,331171.69444444444,330161.7916666667,76978.5,11790.25,19264.5,19154.0,16734.5
양천구,2023,분식전문점,236219449.13084114,21627949.31775701,42620009.26168224,71429399.87850468,58284604.598130845,0.3201,12.02,669169.7410714285,78971.78571428571,97854.90178571429,110823.33035714286,101351.09375,135572.6607142857,75958.5625,111396.11607142857,349280.0138888889,349917.30555555556,73501.0,11318.0,18466.75,18282.25,15921.75
양천구,2023,양식음식점,157438740.58064517,12349711.64516129,24762256.677419353,58037293.19354839,37995170.451612905,0.2918,12.82,669169.7410714285,78971.78571428571,97854.90178571429,110823.33035714286,101351.09375,135572.6607142857,75958.5625,111396.11607142857,349280.0138888889,349917.30555555556,73501.0,11318.0,18466.75,18282.25,15921.75
양천구,2023,일식음식점,245126276.75,28324852.15625,52632595.625,58796382.03125,46121227.75,0.3035,14.97,669169.7410714285,78971.78571428571,97854.90178571429,110823.33035714286,101351.09375,135572.6607142857,75958.5625,111396.11607142857,349280.0138888889,349917.30555555556,73501.0,11318.0,18466.75,18282.25,15921.75
양천구,2023,중식음식점,265183682.89130434,30151407.760869566,46368400.217391305,64583633.89130435,54451883.89130435,0.362,11.11,669169.7410714285,78971.78571428571,97854.90178571429,110823.33035714286,101351.09375,135572.6607142857,75958.5625,111396.11607142857,349280.0138888889,349917.30555555556,73501.0,11318.0,18466.75,18282.25,15921.75
양천구,2023,치킨전문점,214447838.10714287,18105468.404761903,35091449.86904762,60986992.4047619,56927912.059523806,0.336,11.79,669169.7410714285,78971.78571428571,97854.90178571429,110823.33035714286,101351.09375,135572.6607142857,75958.5625,111396.11607142857,349280.0138888889,349917.30555555556,73501.0,11318.0,18466.75,18282.25,15921.75
양천구,2023,커피-음료,204930865.69536424,35250537.31125828,46926263.668874174,53198211.0397351,38303912.32450331,0.3087,18.25,669169.7410714285,78971.78571428571,97854.90178571429,110823.33035714286,101351.09375,135572.6607142857,75958.5625,111396.11607142857,349280.0138888889,349917.30555555556,73501.0,11318.0,18466.75,18282.25,15921.75
양천구,2023,한식음식점,1351328588.0295568,120651954.5320197,230295726.44827586,287516838.92610836,308487120.8866995,0.3249,9.48,669169.7410714285,78971.78571428571,97854.90178571429,110823.33035714286,101351.09375,135572.6607142857,75958.5625,111396.11607142857,349280.0138888889,349917.30555555556,73501.0,11318.0,18466.75,18282.25,15921.75
양천구,2024,분식전문점,231402545.39814815,19096836.037037037,42025413.75,66703134.55555555,57343327.50925926,0.3225,14.63,673652.5892857143,77799.09375,96455.48214285714,111104.73660714286,101760.70535714286,137125.8794642857,76426.32142857143,111763.74107142857,351523.47222222225,352077.7638888889,76864.75,12016.0,19657.75,19163.0,16443.5
양천구,2024,양식음식점,170107343.8888889,11669735.370370371,24833742.037037037,61959747.7037037,42648112.518518515,0.2884,16.22,673652.5892857143,77799.09375,96455.48214285714,111104.73660714286,101760.70535714286,137125.8794642857,76426.32142857143,111763.74107142857,351523.47222222225,352077.7638888889,76864.75,12016.0,19657.75,19163.0,16443.5
양천구,2024,일식음식점,202099547.71052632,19271917.0,42319549.84210526,47166530.578947365,40555019.15789474,0.2863,15.44,673652.5892857143,77799.09375,96455.48214285714,111104.73660714286,101760.70535714286,137125.8794642857,76426.32142857143,111763.74107142857,351523.47222222225,352077.7638888889,76864.75,12016.0,19657.75,19163.0,16443.5
양천구,2024,중식음식점,272564452.40909094,21609550.84090909,42334487.43181818,70728522.04545455,60270384.25,0.3571,9.42,673652.5892857143,77799.09375,96455.48214285714,111104.73660714286,101760.70535714286,137125.8794642857,76426.32142857143,111763.74107142857,351523.47222222225,352077.7638888889,76864.75,12016.0,19657.75,19163.0,16443.5
양천구,2024,치킨전문점,180492035.6125,13877930.1625,28030926.4875,48707151.1,50138432.575,0.3248,10.25,673652.5892857143,77799.09375,96455.48214285714,111104.73660714286,101760.70535714286,137125.8794642857,76426.32142857143,111763.74107142857,351523.47222222225,352077.7638888889,76864.75,12016.0,19657.75,19163.0,16443.5
양천구,2024,커피-음료,194403395.9536424,28995016.774834435,45111780.642384104,49819352.529801324,38840697.8410596,0.3001,16.39,673652.5892857143,77799.09375,96455.48214285714,111104.73660714286,101760.70535714286,137125.8794642857,76426.32142857143,111763.74107142857,351523.47222222225,352077.7638888889,76864.75,12016.0,19657.75,19163.0,16443.5
양천구,2024,한식음식점,1373919890.6568627,108525857.05882353,234196917.68137255,286655949.4362745,315270425.60294116,0.3232,10.45,673652.5892857143,77799.09375,96455.48214285714,111104.73660714286,101760.70535714286,137125.8794642857,76426.32142857143,111763.74107142857,351523.47222222225,352077.7638888889,76864.75,12016.0,19657.75,19163.0,16443.5
영등포구,2019,분식전문점,328729444.85294116,74602993.7745098,80519773.3235294,62204788.11764706,36990087.65686274,0.2417,12.21,636964.9713541666,99352.1640625,114030.625,103263.44270833333,100056.97395833333,130166.34114583333,85004.40364583333,113886.14322916667,466999.67083333334,475740.69166666665,327418.0,57298.0,106519.0,86002.0,54337.0
영등포구,2019,양식음식점,1770640899.2941177,373146695.0588235,459222343.85294116,270323246.85294116,140045681.1470588,0.2653,13.02,636964.9713541666,99352.1640625,114030.625,103263.44270833333,100056.97395833333,130166.34114583333,85004.40364583333,113886.14322916667,466999.67083333334,475740.69166666665,327418.0,57298.0,106519.0,86002.0,54337.0
영등포구,2019,일식음식점,1118873722.1041667,175841854.85416666,215381625.64583334,139628481.85416666,86760552.625,0.1441,10.86,636964.9713541666,99352.1640625,114030.625,103263.44270833333,100056.97395833333,130166.34114583333,85004.40364583333,113886.14322916667,466999.67083333334,475740.69166666665,327418.0,57298.0,106519.0,86002.0,54337.0
영등포구,2019,중식음식점,688548395.8448275,116014741.52586207,192272574.91379312,137063771.20689654,105950475.90517241,0.3445,10.63,636964.9713541666,99352.1640625,114030.625,103263.44270833333,100056.97395833333,130166.34114583333,85004.40364583333,113886.14322916667,466999.67083333334,475740.69166666665,327418.0,57298.0,106519.0,86002.0,54337.0
영등포구,2019,치킨전문점,141818675.58441558,32800100.584415585,36014644.63636363,30768004.14285714,18224722.623376623,0.2157,13.73,636964.9713541666,99352.1640625,114030.625,103263.44270833333,100056.97395833333,130166.34114583333,85004.40364583333,113886.14322916667,466999.67083333334,475740.69166666665,327418.0,57298.0,106519.0,86002.0,54337.0
영등포구,2019,커피-음료,742865970.6068965,188094387.03448275,185992729.2551724,117433824.28965518,68379893.05517241,0.1867,11.11,636964.9713541666,99352.1640625,114030.625,103263.44270833333,100056.97395833333,130166.34114583333,85004.40364583333,113886.14322916667,466999.67083333334,475740.69166666665,327418.0,57298.0,106519.0,86002.0,54337.0
영등포구,2019,한식음식점,1584570832.460064,186438830.95846644,287826461.0255591,273575368.24600637,230152263.01277956,0.2107,11.77,636964.9713541666,99352.1640625,114030.625,103263.44270833333,100056.97395833333,130166.34114583333,85004.40364583333,113886.14322916667,466999.67083333334,475740.69166666665,327418.0,57298.0,106519.0,86002.0,54337.0
영등포구,2020,분식전문점,314820694.3333333,66804488.323529415,77099628.98039216,57750871.01960784,37340840.9117647,0.2318,7.2,609582.2682291666,97845.25,114730.33854166667,100139.3828125,95822.72916666667,125779.98177083333,80961.81770833333,107932.65364583333,350606.7916666667,356514.36666666664,327155.25,57247.25,106452.0,85937.0,54311.75
영등포구,2020,양식음식점,1534203021.6944444,335906136.8333333,394984422.6944444,217236237.5277778,124472492.55555555,0.2505,5.49,609582.2682291666,97845.25,114730.33854166667,100139.3828125,95822.72916666667,125779.98177083333,80961.81770833333,107932.65364583333,350606.7916666667,356514.36666666664,327155.25,57247.25,106452.0,85937.0,54311.75
영등포구,2020,일식음식점,1255189026.1276596,208636409.29787233,248914342.72340426,146672483.61702126,92273495.42553191,0.1411,7.98,609582.2682291666,97845.25,114730.33854166667,100139.3828125,95822.72916666667,125779.98177083333,80961.81770833333,107932.65364583333,350606.7916666667,356514.36666666664,327155.25,57247.25,106452.0,85937.0,54311.75
영등포구,2020,중식음식점,659342888.5,104537054.52542374,178730039.30508474,119107475.99152543,92996471.47457626,0.2925,8.07,609582.2682291666,97845.25,114730.33854166667,100139.3828125,95822.72916666667,125779.98177083333,80961.81770833333,107932.65364583333,350606.7916666667,356514.36666666664,327155.25,57247.25,106452.0,85937.0,54311.75
영등포구,2020,치킨전문점,149911804.7,32098974.6625,36436050.6875,30207486.4625,21816999.4625,0.2124,9.85,609582.2682291666,97845.25,114730.33854166667,100139.3828125,95822.72916666667,125779.98177083333,80961.81770833333,107932.65364583333,350606.7916666667,356514.36666666664,327155.25,57247.25,106452.0,85937.0,54311.75
영등포구,2020,커피-음료,683892352.6753247,174231607.93506494,174067566.29220778,105367742.24675325,63916570.97402597,0.1696,9.3,609582.2682291666,97845.25,114730.33854166667,100139.3828125,95822.72916666667,125779.98177083333,80961.81770833333,107932.65364583333,350606.7916666667,356514.36666666664,327155.25,57247.25,106452.0,85937.0,54311.75
영등포구,2020,한식음식점,1495455735.4263322,191836160.1473354,279991108.71159875,250114710.3354232,220443652.2507837,0.1967,6.31,609582.2682291666,97845.25,114730.33854166667,100139.3828125,95822.72916666667,125779.98177083333,80961.81770833333,107932.65364583333,350606.7916666667,356514.36666666664,327155.25,57247.25,106452.0,85937.0,54311.75
영등포구,2021,분식전문점,320783760.3695652,51988489.81884058,77072217.94202898,59388888.623188406,43427043.623188406,0.2307,6.82,610167.5260416666,96086.05208333333,118666.1875,100446.203125,96896.26302083333,125744.08072916667,80463.8125,107837.28385416667,362223.36666666664,368452.675,327232.5,57235.0,106482.75,85972.5,54408.75
영등포구,2021,양식음식점,1418029823.097561,307356551.1707317,379816290.4634146,206777611.09756097,118591522.97560975,0.2742,7.73,610167.5260416666,96086.05208333333,118666.1875,100446.203125,96896.26302083333,125744.08072916667,80463.8125,107837.28385416667,362223.36666666664,368452.675,327232.5,57235.0,106482.75,85972.5,54408.75
영등포구,2021,일식음식점,1504216484.0172415,264786564.93103448,315939181.8103448,173174288.20689654,114750132.03448276,0.1714,5.09,610167.5260416666,96086.05208333333,118666.1875,100446.203125,96896.26302083333,125744.08072916667,80463.8125,107837.28385416667,362223.36666666664,368452.675,327232.5,57235.0,106482.75,85972.5,54408.75
영등포구,2021,중식음식점,853454355.7096775,117101793.61290322,236234425.3548387,156778966.69354838,133580277.15322581,0.2932,6.17,610167.5260416666,96086.05208333333,118666.1875,100446.203125,96896.26302083333,125744.08072916667,80463.8125,107837.28385416667,362223.36666666664,368452.675,327232.5,57235.0,106482.75,85972.5,54408.75
영등포구,2021,치킨전문점,237277392.22916666,43554361.666666664,48166759.4375,43323975.447916664,39846001.583333336,0.2141,7.77,610167.5260416666,96086.05208333333,118666.1875,100446.203125,96896.26302083333,125744.08072916667,80463.8125,107837.28385416667,362223.36666666664,368452.675,327232.5,57235.0,106482.75,85972.5,54408.75
영등포구,2021,커피-음료,779603724.6708075,179737412.1242236,207638004.3416149,136795034.2857143,84626614.04347827,0.1778,10.1,610167.5260416666,96086.05208333333,118666.1875,100446.203125,96896.26302083333,125744.08072916667,80463.8125,107837.28385416667,362223.36666666664,368452.675,327232.5,57235.0,106482.75,85972.5,54408.75
영등포구,2021,한식음식점,1975505592.174455,244623733.81619936,366383296.93457943,312457561.89719623,287414742.0809969,0.2025,6.55,610167.5260416666,96086.05208333333,118666.1875,100446.203125,96896.26302083333,125744.08072916667,80463.8125,107837.28385416667,362223.36666666664,368452.675,327232.5,57235.0,106482.75,85972.5,54408.75
영등포구,2022,분식전문점,290289562.0215827,46896517.618705034,70257386.41726619,56752624.44604316,42392767.3381295,0.1945,10.6,618414.3125,97367.19791666667,121374.63802083333,102912.43229166667,98794.8359375,126228.61979166667,81123.8828125,109742.1953125,396029.9516129032,405096.3185483871,328506.25,57437.25,106798.0,86291.25,54699.5
영등포구,2022,양식음식점,1688328097.575,293677165.25,448167845.325,275185388.825,138987478.25,0.2661,8.29,618414.3125,97367.19791666667,121374.63802083333,102912.43229166667,98794.8359375,126228.61979166667,81123.8828125,109742.1953125,396029.9516129032,405096.3185483871,328506.25,57437.25,106798.0,86291.25,54699.5
영등포구,2022,일식음식점,1768018261.4464285,281685853.0535714,387744030.9464286,217361680.48214287,140342880.0357143,0.1683,6.98,618414.3125,97367.19791666667,121374.63802083333,102912.43229166667,98794.8359375,126228.61979166667,81123.8828125,109742.1953125,396029.9516129032,405096.3185483871,328506.25,57437.25,106798.0,86291.25,54699.5
영등포구,2022,중식음식점,1028137598.8538462,119921334.77692308,268036670.26923078,195121375.5,172351109.2769231,0.3156,4.83,618414.3125,97367.19791666667,121374.63802083333,102912.43229166667,98794.8359375,126228.61979166667,81123.8828125,109742.1953125,396029.9516129032,405096.3185483871,328506.25,57437.25,106798.0,86291.25,54699.5
영등포구,2022,치킨전문점,287936730.31578946,52935570.16842105,68128724.31578948,52938914.05263158,44941476.305263154,0.2408,6.98,618414.3125,97367.19791666667,121374.63802083333,102912.43229166667,98794.8359375,126228.61979166667,81123.8828125,109742.1953125,396029.9516129032,405096.3185483871,328506.25,57437.25,106798.0,86291.25,54699.5
영등포구,2022,커피-음료,827846536.9467455,169098201.7514793,220481587.1183432,143175738.63905326,97519445.65680474,0.1901,10.65,618414.3125,97367.19791666667,121374.63802083333,102912.43229166667,98794.8359375,126228.61979166667,81123.8828125,109742.1953125,396029.9516129032,405096.3185483871,328506.25,57437.25,106798.0,86291.25,54699.5
영등포구,2022,한식음식점,2438245389.943038,273760262.18037975,467816094.5949367,372493633.8227848,345263926.5727848,0.2165,8.52,618414.3125,97367.19791666667,121374.63802083333,102912.43229166667,98794.8359375,126228.61979166667,81123.8828125,109742.1953125,396029.9516129032,405096.3185483871,328506.25,57437.25,106798.0,86291.25,54699.5
영등포구,2023,분식전문점,339131456.7480916,47980249.93129771,79881679.59541985,65380357.77862596,51969843.50381679,0.186,14.57,625996.7760416666,98751.64583333333,123863.87760416667,105413.4765625,99368.08333333333,127503.0,82359.61458333333,111464.75520833333,425682.32936507935,434468.7619047619,328985.0,57509.0,107387.5,86604.5,54580.0
영등포구,2023,양식음식점,1917849879.5833333,280807756.4166667,499988348.5277778,311644748.3055556,175055226.1111111,0.2577,10.58,625996.7760416666,98751.64583333333,123863.87760416667,105413.4765625,99368.08333333333,127503.0,82359.61458333333,111464.75520833333,425682.32936507935,434468.7619047619,328985.0,57509.0,107387.5,86604.5,54580.0
영등포구,2023,일식음식점,1967751348.7037036,284150625.5740741,450380341.6111111,247747670.33333334,158417552.85185185,0.1731,11.06,625996.7760416666,98751.64583333333,123863.87760416667,105413.4765625,99368.08333333333,127503.0,82359.61458333333,111464.75520833333,425682.32936507935,434468.7619047619,328985.0,57509.0,107387.5,86604.5,54580.0
영등포구,2023,중식음식점,1088205215.3609023,103366102.0150376,271569263.09774435,211888304.7368421,191649172.92481202,0.3221,11.84,625996.7760416666,98751.64583333333,123863.87760416667,105413.4765625,99368.08333333333,127503.0,82359.61458333333,111464.75520833333,425682.32936507935,434468.7619047619,328985.0,57509.0,107387.5,86604.5,54580.0
영등포구,2023,치킨전문점,325970116.2790698,55167822.08139535,80233990.80232558,56999499.54651163,49905880.41860465,0.2538,13.21,625996.7760416666,98751.64583333333,123863.87760416667,105413.4765625,99368.08333333333,127503.0,82359.61458333333,111464.75520833333,425682.32936507935,434468.7619047619,328985.0,57509.0,107387.5,86604.5,54580.0
영등포구,2023,커피-음료,834932964.9257143,143255502.50285715,220977001.58285713,147540775.77714285,107234322.56,0.1862,11.91,625996.7760416666,98751.64583333333,123863.87760416667,105413.4765625,99368.08333333333,127503.0,82359.61458333333,111464.75520833333,425682.32936507935,434468.7619047619,328985.0,57509.0,107387.5,86604.5,54580.0
영등포구,2023,한식음식점,2890013640.6862745,277474165.59477127,546852777.5882353,433609103.73202616,412195035.503268,0.2171,10.43,625996.7760416666,98751.64583333333,123863.87760416667,105413.4765625,99368.08333333333,127503.0,82359.61458333333,111464.75520833333,425682.32936507935,434468.7619047619,328985.0,57509.0,107387.5,86604.5,54580.0
영등포구,2024,분식전문점,340205268.84,43742425.376,82574005.488,66093330.424,54393615.256,0.1833,6.8,619380.5338541666,98942.67447916667,123603.91666666667,104806.73697916667,97253.96614583333,126800.3515625,81973.64583333333,109855.27083333333,440556.4682539682,448813.25396825396,356802.5,62334.25,117405.75,94501.0,58668.75
영등포구,2024,양식음식점,1826983152.2162163,248624713.4864865,497739705.5675676,309073732.5675676,178546364.24324325,0.2592,11.32,619380.5338541666,98942.67447916667,123603.91666666667,104806.73697916667,97253.96614583333,126800.3515625,81973.64583333333,109855.27083333333,440556.4682539682,448813.25396825396,356802.5,62334.25,117405.75,94501.0,58668.75
영등포구,2024,일식음식점,1899494466.4615386,232770977.1153846,429815229.78846157,242166804.44230768,159330923.59615386,0.1714,10.61,619380.5338541666,98942.67447916667,123603.91666666667,104806.73697916667,97253.96614583333,126800.3515625,81973.64583333333,109855.27083333333,440556.4682539682,448813.25396825396,356802.5,62334.25,117405.75,94501.0,58668.75
영등포구,2024,중식음식점,988498562.4890511,84237681.84671533,241504902.65693432,191580823.3138686,176239384.00729927,0.3147,7.55,619380.5338541666,98942.67447916667,123603.91666666667,104806.73697916667,97253.96614583333,126800.3515625,81973.64583333333,109855.27083333333,440556.4682539682,448813.25396825396,356802.5,62334.25,117405.75,94501.0,58668.75
영등포구,2024,치킨전문점,298319522.45238096,40280349.916666664,69295057.58333333,52026706.678571425,48284663.940476194,0.2539,6.41,619380.5338541666,98942.67447916667,123603.91666666667,104806.73697916667,97253.96614583333,126800.3515625,81973.64583333333,109855.27083333333,440556.4682539682,448813.25396825396,356802.5,62334.25,117405.75,94501.0,58668.75
영등포구,2024,커피-음료,824887987.3591161,124144287.96132597,222373667.5911602,144158449.08287293,110367434.6077348,0.1849,12.09,619380.5338541666,98942.67447916667,123603.91666666667,104806.73697916667,97253.96614583333,126800.3515625,81973.64583333333,109855.27083333333,440556.4682539682,448813.25396825396,356802.5,62334.25,117405.75,94501.0,58668.75
영등포구,2024,한식음식점,3123683461.6462584,287456874.5510204,614285194.1190476,461953851.60884356,449046263.56122446,0.2184,8.15,619380.5338541666,98942.67447916667,123603.91666666667,104806.73697916667,97253.96614583333,126800.3515625,81973.64583333333,109855.27083333333,440556.4682539682,448813.25396825396,356802.5,62334.25,117405.75,94501.0,58668.75
용산구,2019,분식전문점,305072920.7311828,80268139.74193548,67908991.41935484,56918662.60215054,32234071.70967742,0.2211,6.62,810137.5964912281,152054.20614035087,163004.52192982455,132987.44736842104,105249.62719298246,167050.03070175438,102851.26754385965,135747.00438596492,329768.765625,357547.234375,146663.0,32081.0,44625.0,37390.0,24349.0
용산구,2019,양식음식점,1867252031.6122448,745519200.9591837,495774531.47959185,196964999.5612245,137402441.6122449,0.435,9.07,810137.5964912281,152054.20614035087,163004.52192982455,132987.44736842104,105249.62719298246,167050.03070175438,102851.26754385965,135747.00438596492,329768.765625,357547.234375,146663.0,32081.0,44625.0,37390.0,24349.0
용산구,2019,일식음식점,484096675.1803279,131455791.93442623,121068723.85245901,70099220.86885247,44999084.57377049,0.2915,7.82,810137.5964912281,152054.20614035087,163004.52192982455,132987.44736842104,105249.62719298246,167050.03070175438,102851.26754385965,135747.00438596492,329768.765625,357547.234375,146663.0,32081.0,44625.0,37390.0,24349.0
용산구,2019,중식음식점,309389480.7818182,81824500.27272727,70549374.30909091,48873046.127272725,35318538.836363636,0.2947,4.96,810137.5964912281,152054.20614035087,163004.52192982455,132987.44736842104,105249.62719298246,167050.03070175438,102851.26754385965,135747.00438596492,329768.765625,357547.234375,146663.0,32081.0,44625.0,37390.0,24349.0
용산구,2019,치킨전문점,126778685.85365854,26110417.414634146,25258849.48780488,30125078.01219512,21277755.073170733,0.3026,6.64,810137.5964912281,152054.20614035087,163004.52192982455,132987.44736842104,105249.62719298246,167050.03070175438,102851.26754385965,135747.00438596492,329768.765625,357547.234375,146663.0,32081.0,44625.0,37390.0,24349.0
용산구,2019,커피-음료,411944315.3426573,150062268.71328673,105060461.86013986,55034211.55244755,34761906.062937066,0.3015,11.21,810137.5964912281,152054.20614035087,163004.52192982455,132987.44736842104,105249.62719298246,167050.03070175438,102851.26754385965,135747.00438596492,329768.765625,357547.234375,146663.0,32081.0,44625.0,37390.0,24349.0
용산구,2019,한식음식점,1703937858.2473683,362185239.2631579,364057905.80526316,265783228.07894737,196586606.0473684,0.279,6.26,810137.5964912281,152054.20614035087,163004.52192982455,132987.44736842104,105249.62719298246,167050.03070175438,102851.26754385965,135747.00438596492,329768.765625,357547.234375,146663.0,32081.0,44625.0,37390.0,24349.0
용산구,2020,분식전문점,264088039.8631579,59461676.336842105,60249579.70526316,52914996.65263158,33562929.27368421,0.2203,6.02,784419.052631579,138468.18859649124,160612.56140350876,134094.14912280702,106763.92543859649,163670.76754385966,99109.87719298246,130244.73684210527,220176.078125,232539.64583333334,146887.0,32017.75,44607.25,37530.75,24514.5
용산구,2020,양식음식점,1322212295.7029703,481571074.3069307,359019257.3168317,141072987.57425743,104866081.69306931,0.3927,9.65,784419.052631579,138468.18859649124,160612.56140350876,134094.14912280702,106763.92543859649,163670.76754385966,99109.87719298246,130244.73684210527,220176.078125,232539.64583333334,146887.0,32017.75,44607.25,37530.75,24514.5
용산구,2020,일식음식점,424500064.984375,99294748.09375,98452045.453125,61919158.96875,43243039.65625,0.2493,8.2,784419.052631579,138468.18859649124,160612.56140350876,134094.14912280702,106763.92543859649,163670.76754385966,99109.87719298246,130244.73684210527,220176.078125,232539.64583333334,146887.0,32017.75,44607.25,37530.75,24514.5
용산구,2020,중식음식점,246273678.5,58987818.9,54849927.233333334,36843371.86666667,30077384.05,0.2704,6.25,784419.052631579,138468.18859649124,160612.56140350876,134094.14912280702,106763.92543859649,163670.76754385966,99109.87719298246,130244.73684210527,220176.078125,232539.64583333334,146887.0,32017.75,44607.25,37530.75,24514.5
용산구,2020,치킨전문점,103619607.09638554,17605014.325301204,19126002.108433735,24393784.68674699,21086956.012048192,0.2957,8.1,784419.052631579,138468.18859649124,160612.56140350876,134094.14912280702,106763.92543859649,163670.76754385966,99109.87719298246,130244.73684210527,220176.078125,232539.64583333334,146887.0,32017.75,44607.25,37530.75,24514.5
용산구,2020,커피-음료,415908674.44666666,143083250.59333333,109406708.01333334,53857868.94,36290844.14,0.2696,10.45,784419.052631579,138468.18859649124,160612.56140350876,134094.14912280702,106763.92543859649,163670.76754385966,99109.87719298246,130244.73684210527,220176.078125,232539.64583333334,146887.0,32017.75,44607.25,37530.75,24514.5
용산구,2020,한식음식점,1511630417.0732985,283043762.0052356,317858588.9685864,233016255.2041885,190413935.9581152,0.2522,6.41,784419.052631579,138468.18859649124,160612.56140350876,134094.14912280702,106763.92543859649,163670.76754385966,99109.87719298246,130244.73684210527,220176.078125,232539.64583333334,146887.0,32017.75,44607.25,37530.75,24514.5
용산구,2021,분식전문점,283722835.8867925,60241991.905660376,60559793.80188679,53755903.75471698,37313805.74528302,0.2156,8.75,760094.5087719298,131384.33771929826,158140.36403508772,130759.41228070176,105352.0701754386,158296.9298245614,95681.86842105263,126470.31140350878,225402.63020833334,236797.11458333334,148351.75,32123.25,44859.0,38093.0,25059.0
용산구,2021,양식음식점,1553469773.101852,554337449.4351852,442730544.2962963,160063352.78703704,129821695.57407407,0.425,9.74,760094.5087719298,131384.33771929826,158140.36403508772,130759.41228070176,105352.0701754386,158296.9298245614,95681.86842105263,126470.31140350878,225402.63020833334,236797.11458333334,148351.75,32123.25,44859.0,38093.0,25059.0
용산구,2021,일식음식점,416450447.24285716,83425559.15714286,90864852.88571429,56020041.9,45144585.75714286,0.2367,6.2,760094.5087719298,131384.33771929826,158140.36403508772,130759.41228070176,105352.0701754386,158296.9298245614,95681.86842105263,126470.31140350878,225402.63020833334,236797.11458333334,148351.75,32123.25,44859.0,38093.0,25059.0
용산구,2021,중식음식점,464279215.95,142745151.63333333,107175732.73333333,63122967.333333336,49472244.1,0.286,4.17,760094.5087719298,131384.33771929826,158140.36403508772,130759.41228070176,105352.0701754386,158296.9298245614,95681.86842105263,126470.31140350878,225402.63020833334,236797.11458333334,148351.75,32123.25,44859.0,38093.0,25059.0
용산구,2021,치킨전문점,121417020.79761904,21715192.726190478,22295087.36904762,24293504.095238097,25693233.04761905,0.3147,9.4,760094.5087719298,131384.33771929826,158140.36403508772,130759.41228070176,105352.0701754386,158296.9298245614,95681.86842105263,126470.31140350878,225402.63020833334,236797.11458333334,148351.75,32123.25,44859.0,38093.0,25059.0
용산구,2021,커피-음료,494023086.89375,165628461.325,132904632.01875,63874396.25,41907019.39375,0.2856,13.21,760094.5087719298,131384.33771929826,158140.36403508772,130759.41228070176,105352.0701754386,158296.9298245614,95681.86842105263,126470.31140350878,225402.63020833334,236797.11458333334,148351.75,32123.25,44859.0,38093.0,25059.0
용산구,2021,한식음식점,1687612132.02,305952824.5,359345388.195,239393908.095,209103051.42,0.251,7.26,760094.5087719298,131384.33771929826,158140.36403508772,130759.41228070176,105352.0701754386,158296.9298245614,95681.86842105263,126470.31140350878,225402.63020833334,236797.11458333334,148351.75,32123.25,44859.0,38093.0,25059.0
용산구,2022,분식전문점,346976508.5816327,73571187.36734694,78364552.02040817,62415231.64285714,49192871.030612245,0.2226,4.69,764682.3245614035,137343.64912280702,160863.43859649124,130018.86403508772,104733.70175438597,157375.13596491228,96265.42105263157,128408.32456140351,272841.2135416667,290759.8958333333,150290.25,32762.75,45669.75,38485.25,25174.25
용산구,2022,양식음식점,2243368590.6203704,720466051.6666666,692216135.925926,248044156.8425926,180661178.75,0.4442,7.8,764682.3245614035,137343.64912280702,160863.43859649124,130018.86403508772,104733.70175438597,157375.13596491228,96265.42105263157,128408.32456140351,272841.2135416667,290759.8958333333,150290.25,32762.75,45669.75,38485.25,25174.25
용산구,2022,일식음식점,510360949.8088235,97615115.61764705,120829252.60294117,67589828.58823529,52987719.26470588,0.2506,6.47,764682.3245614035,137343.64912280702,160863.43859649124,130018.86403508772,104733.70175438597,157375.13596491228,96265.42105263157,128408.32456140351,272841.2135416667,290759.8958333333,150290.25,32762.75,45669.75,38485.25,25174.25
용산구,2022,중식음식점,607988544.3793104,140306339.8275862,151969500.94827586,85776550.70689656,66719105.46551724,0.2799,3.45,764682.3245614035,137343.64912280702,160863.43859649124,130018.86403508772,104733.70175438597,157375.13596491228,96265.42105263157,128408.32456140351,272841.2135416667,290759.8958333333,150290.25,32762.75,45669.75,38485.25,25174.25
용산구,2022,치킨전문점,161964942.4642857,32957613.166666668,35680159.178571425,28640190.333333332,29462468.05952381,0.3391,6.02,764682.3245614035,137343.64912280702,160863.43859649124,130018.86403508772,104733.70175438597,157375.13596491228,96265.42105263157,128408.32456140351,272841.2135416667,290759.8958333333,150290.25,32762.75,45669.75,38485.25,25174.25
용산구,2022,커피-음료,545720333.1172839,174707342.33950618,152449897.4074074,70166608.9691358,49649738.48765432,0.3045,9.41,764682.3245614035,137343.64912280702,160863.43859649124,130018.86403508772,104733.70175438597,157375.13596491228,96265.42105263157,128408.32456140351,272841.2135416667,290759.8958333333,150290.25,32762.75,45669.75,38485.25,25174.25
용산구,2022,한식음식점,2196381418.04902,404534967.59313726,512077531.20098037,301632902.74509805,260183539.39215687,0.2756,5.81,764682.3245614035,137343.64912280702,160863.43859649124,130018.86403508772,104733.70175438597,157375.13596491228,96265.42105263157,128408.32456140351,272841.2135416667,290759.8958333333,150290.25,32762.75,45669.75,38485.25,25174.25
용산구,2023,분식전문점,358838980.2718447,67642749.90291262,82209255.31067961,63869967.13592233,56522966.699029125,0.2141,10.78,753342.4166666666,133029.11403508772,160048.66228070174,131459.4298245614,105208.51315789473,155457.56578947368,96437.50877192983,126448.79385964913,308501.078125,331300.7604166667,146010.5,31584.75,44408.5,37627.0,24463.5
용산구,2023,양식음식점,2096598214.7333333,564443028.4095238,658039261.6571429,254813327.35238096,188196150.52380952,0.4342,7.35,753342.4166666666,133029.11403508772,160048.66228070174,131459.4298245614,105208.51315789473,155457.56578947368,96437.50877192983,126448.79385964913,308501.078125,331300.7604166667,146010.5,31584.75,44408.5,37627.0,24463.5
용산구,2023,일식음식점,499954898.5072464,86378396.56521739,116559310.05797102,67199386.46376811,54174469.63768116,0.2339,6.27,753342.4166666666,133029.11403508772,160048.66228070174,131459.4298245614,105208.51315789473,155457.56578947368,96437.50877192983,126448.79385964913,308501.078125,331300.7604166667,146010.5,31584.75,44408.5,37627.0,24463.5
용산구,2023,중식음식점,579940236.3157895,112915465.68421052,147949989.22807017,86052898.91228071,68661607.6491228,0.2761,3.23,753342.4166666666,133029.11403508772,160048.66228070174,131459.4298245614,105208.51315789473,155457.56578947368,96437.50877192983,126448.79385964913,308501.078125,331300.7604166667,146010.5,31584.75,44408.5,37627.0,24463.5
용산구,2023,치킨전문점,152907008.2682927,22004700.0,31145822.109756097,28997968.30487805,29503096.402439024,0.2924,5.63,753342.4166666666,133029.11403508772,160048.66228070174,131459.4298245614,105208.51315789473,155457.56578947368,96437.50877192983,126448.79385964913,308501.078125,331300.7604166667,146010.5,31584.75,44408.5,37627.0,24463.5
용산구,2023,커피-음료,577152442.5481927,158749788.51204818,170884786.59036145,80148606.56626506,57907332.54819277,0.2913,13.6,753342.4166666666,133029.11403508772,160048.66228070174,131459.4298245614,105208.51315789473,155457.56578947368,96437.50877192983,126448.79385964913,308501.078125,331300.7604166667,146010.5,31584.75,44408.5,37627.0,24463.5
용산구,2023,한식음식점,2479300840.567164,423567941.8706468,595872409.5920398,342179493.2437811,303136017.74129355,0.2778,6.22,753342.4166666666,133029.11403508772,160048.66228070174,131459.4298245614,105208.51315789473,155457.56578947368,96437.50877192983,126448.79385964913,308501.078125,331300.7604166667,146010.5,31584.75,44408.5,37627.0,24463.5
용산구,2024,분식전문점,356791697.35294116,61229820.705882356,83335791.39215687,61418777.47058824,55876688.7745098,0.2263,8.24,725778.7675438597,129199.39912280702,154673.90789473685,128380.19298245614,100677.72807017544,149070.00877192983,93561.55263157895,122512.84649122808,320227.9322916667,346687.6666666667,146852.75,32090.75,44476.0,37978.25,24419.75
용산구,2024,양식음식점,2279271457.602041,582856377.2755102,737598476.1020408,271550068.74489796,209643579.23469388,0.4308,9.23,725778.7675438597,129199.39912280702,154673.90789473685,128380.19298245614,100677.72807017544,149070.00877192983,93561.55263157895,122512.84649122808,320227.9322916667,346687.6666666667,146852.75,32090.75,44476.0,37978.25,24419.75
용산구,2024,일식음식점,403361176.30985916,58476744.40845071,93847805.15492958,52814193.112676054,47369721.957746476,0.2289,7.45,725778.7675438597,129199.39912280702,154673.90789473685,128380.19298245614,100677.72807017544,149070.00877192983,93561.55263157895,122512.84649122808,320227.9322916667,346687.6666666667,146852.75,32090.75,44476.0,37978.25,24419.75
용산구,2024,중식음식점,621081530.627451,131564754.74509804,181775220.7647059,90579631.60784313,70004539.58823529,0.2756,7.84,725778.7675438597,129199.39912280702,154673.90789473685,128380.19298245614,100677.72807017544,149070.00877192983,93561.55263157895,122512.84649122808,320227.9322916667,346687.6666666667,146852.75,32090.75,44476.0,37978.25,24419.75
용산구,2024,치킨전문점,150319232.9868421,18578328.184210528,31791256.263157893,28099502.25,27916634.513157893,0.2729,8.87,725778.7675438597,129199.39912280702,154673.90789473685,128380.19298245614,100677.72807017544,149070.00877192983,93561.55263157895,122512.84649122808,320227.9322916667,346687.6666666667,146852.75,32090.75,44476.0,37978.25,24419.75
용산구,2024,커피-음료,611466694.3515152,153303082.23636365,182062418.6787879,90460390.38787879,64209849.71515152,0.3027,11.78,725778.7675438597,129199.39912280702,154673.90789473685,128380.19298245614,100677.72807017544,149070.00877192983,93561.55263157895,122512.84649122808,320227.9322916667,346687.6666666667,146852.75,32090.75,44476.0,37978.25,24419.75
용산구,2024,한식음식점,2714416896.883249,462162826.1675127,694728735.0913706,359565493.02538073,328976122.1472081,0.287,7.18,725778.7675438597,129199.39912280702,154673.90789473685,128380.19298245614,100677.72807017544,149070.00877192983,93561.55263157895,122512.84649122808,320227.9322916667,346687.6666666667,146852.75,32090.75,44476.0,37978.25,24419.75
은평구,2019,분식전문점,147102679.36206895,33046302.50862069,32788221.5,38874628.52586207,22487562.905172415,0.3226,17.76,833287.1470588235,109321.71323529411,121107.07352941176,126347.9375,124980.19485294117,169803.54779411765,92295.5955882353,138082.6911764706,371616.83243243245,358038.05945945944,28934.0,3494.0,6060.0,7232.0,7014.0
은평구,2019,양식음식점,235423945.9,60464802.7,57512330.65,60085199.9,32729884.4,0.3311,13.95,833287.1470588235,109321.71323529411,121107.07352941176,126347.9375,124980.19485294117,169803.54779411765,92295.5955882353,138082.6911764706,371616.83243243245,358038.05945945944,28934.0,3494.0,6060.0,7232.0,7014.0
은평구,2019,일식음식점,231402475.33333334,70088519.5,55456891.94444445,49331855.94444445,34844595.166666664,0.3254,11.24,833287.1470588235,109321.71323529411,121107.07352941176,126347.9375,124980.19485294117,169803.54779411765,92295.5955882353,138082.6911764706,371616.83243243245,358038.05945945944,28934.0,3494.0,6060.0,7232.0,7014.0
은평구,2019,중식음식점,126282202.84210527,27637478.657894738,28921842.13157895,29826975.289473683,20826561.289473683,0.3732,8.26,833287.1470588235,109321.71323529411,121107.07352941176,126347.9375,124980.19485294117,169803.54779411765,92295.5955882353,138082.6911764706,371616.83243243245,358038.05945945944,28934.0,3494.0,6060.0,7232.0,7014.0
은평구,2019,치킨전문점,87047385.27380952,18816021.26190476,16432508.547619049,24924663.94047619,17628808.5,0.3435,12.12,833287.1470588235,109321.71323529411,121107.07352941176,126347.9375,124980.19485294117,169803.54779411765,92295.5955882353,138082.6911764706,371616.83243243245,358038.05945945944,28934.0,3494.0,6060.0,7232.0,7014.0
은평구,2019,커피-음료,102969446.4028777,35116720.45323741,24573604.09352518,19884354.633093525,12941259.25179856,0.3431,15.68,833287.1470588235,109321.71323529411,121107.07352941176,126347.9375,124980.19485294117,169803.54779411765,92295.5955882353,138082.6911764706,371616.83243243245,358038.05945945944,28934.0,3494.0,6060.0,7232.0,7014.0
은평구,2019,한식음식점,821251149.0564516,119420801.85887097,152078142.03225806,188342035.9233871,177837225.375,0.3398,11.35,833287.1470588235,109321.71323529411,121107.07352941176,126347.9375,124980.19485294117,169803.54779411765,92295.5955882353,138082.6911764706,371616.83243243245,358038.05945945944,28934.0,3494.0,6060.0,7232.0,7014.0
은평구,2020,분식전문점,132149221.83076923,27400158.692307692,27613068.384615384,34282939.15384615,25134463.56153846,0.312,10.49,844385.9705882353,115844.45955882352,125642.67279411765,129561.76470588235,126149.95955882352,172032.97426470587,94859.12867647059,140476.9411764706,293924.1049723757,283788.8011049724,28758.0,3450.25,6028.75,7208.0,6981.75
은평구,2020,양식음식점,185979319.68421054,53200565.05263158,41502573.94736842,40919920.473684214,26475104.736842107,0.3166,6.87,844385.9705882353,115844.45955882352,125642.67279411765,129561.76470588235,126149.95955882352,172032.97426470587,94859.12867647059,140476.9411764706,293924.1049723757,283788.8011049724,28758.0,3450.25,6028.75,7208.0,6981.75
은평구,2020,일식음식점,240028487.86666667,67566009.26666667,59170616.46666667,48910393.333333336,33365801.0,0.3205,13.48,844385.9705882353,115844.45955882352,125642.67279411765,129561.76470588235,126149.95955882352,172032.97426470587,94859.12867647059,140476.9411764706,293924.1049723757,283788.8011049724,28758.0,3450.25,6028.75,7208.0,6981.75
은평구,2020,중식음식점,126107194.36585365,26992673.0,25337795.87804878,28968826.51219512,22668416.56097561,0.3432,9.84,844385.9705882353,115844.45955882352,125642.67279411765,129561.76470588235,126149.95955882352,172032.97426470587,94859.12867647059,140476.9411764706,293924.1049723757,283788.8011049724,28758.0,3450.25,6028.75,7208.0,6981.75
은평구,2020,치킨전문점,82021700.50602409,15135783.590361446,15811140.036144579,22878816.38554217,18851871.74698795,0.3375,11.46,844385.9705882353,115844.45955882352,125642.67279411765,129561.76470588235,126149.95955882352,172032.97426470587,94859.12867647059,140476.9411764706,293924.1049723757,283788.8011049724,28758.0,3450.25,6028.75,7208.0,6981.75
은평구,2020,커피-음료,105565478.46043165,36181899.63309353,24923270.01438849,19110091.4028777,14455773.776978416,0.3353,10.96,844385.9705882353,115844.45955882352,125642.67279411765,129561.76470588235,126149.95955882352,172032.97426470587,94859.12867647059,140476.9411764706,293924.1049723757,283788.8011049724,28758.0,3450.25,6028.75,7208.0,6981.75
은평구,2020,한식음식점,846692984.8346775,130592111.52822581,152723644.51209676,187610654.2782258,187249640.06048387,0.3301,9.14,844385.9705882353,115844.45955882352,125642.67279411765,129561.76470588235,126149.95955882352,172032.97426470587,94859.12867647059,140476.9411764706,293924.1049723757,283788.8011049724,28758.0,3450.25,6028.75,7208.0,6981.75
은평구,2021,분식전문점,148597939.59872612,27114488.331210192,30497443.821656052,38507996.318471335,29664219.222929936,0.2973,7.55,823618.0698529412,113185.7169117647,123939.11397058824,127927.24632352941,124404.3419117647,167782.48897058822,92086.99264705883,136777.26838235295,297822.5888888889,289399.38333333336,28777.0,3315.25,5994.5,7221.5,7021.0
은평구,2021,양식음식점,159876210.9642857,55260015.35714286,37669181.39285714,28734725.92857143,21736034.14285714,0.3434,6.34,823618.0698529412,113185.7169117647,123939.11397058824,127927.24632352941,124404.3419117647,167782.48897058822,92086.99264705883,136777.26838235295,297822.5888888889,289399.38333333336,28777.0,3315.25,5994.5,7221.5,7021.0
은평구,2021,일식음식점,142253417.7317073,27034791.609756097,26257232.073170733,26769217.19512195,25596278.756097563,0.299,9.25,823618.0698529412,113185.7169117647,123939.11397058824,127927.24632352941,124404.3419117647,167782.48897058822,92086.99264705883,136777.26838235295,297822.5888888889,289399.38333333336,28777.0,3315.25,5994.5,7221.5,7021.0
은평구,2021,중식음식점,102155297.35849057,20063390.96226415,17417613.981132075,22648217.735849056,20274141.71698113,0.371,6.35,823618.0698529412,113185.7169117647,123939.11397058824,127927.24632352941,124404.3419117647,167782.48897058822,92086.99264705883,136777.26838235295,297822.5888888889,289399.38333333336,28777.0,3315.25,5994.5,7221.5,7021.0
은평구,2021,치킨전문점,92029473.79807693,14487826.48076923,14758345.634615384,24450107.759615384,23741779.53846154,0.3278,8.45,823618.0698529412,113185.7169117647,123939.11397058824,127927.24632352941,124404.3419117647,167782.48897058822,92086.99264705883,136777.26838235295,297822.5888888889,289399.38333333336,28777.0,3315.25,5994.5,7221.5,7021.0
은평구,2021,커피-음료,128909309.27118644,37178382.073446326,29284700.463276837,25298842.91525424,20386385.474576272,0.3328,11.09,823618.0698529412,113185.7169117647,123939.11397058824,127927.24632352941,124404.3419117647,167782.48897058822,92086.99264705883,136777.26838235295,297822.5888888889,289399.38333333336,28777.0,3315.25,5994.5,7221.5,7021.0
은평구,2021,한식음식점,966693513.1065574,123959337.02459016,156668894.0081967,201492430.18442622,234591629.75409836,0.3219,8.45,823618.0698529412,113185.7169117647,123939.11397058824,127927.24632352941,124404.3419117647,167782.48897058822,92086.99264705883,136777.26838235295,297822.5888888889,289399.38333333336,28777.0,3315.25,5994.5,7221.5,7021.0
은평구,2022,분식전문점,151832582.76774195,24301254.567741934,29604576.987096775,39786801.96129032,31669297.870967742,0.3086,7.39,800322.2205882353,110103.2205882353,121484.70220588235,124572.74264705883,121472.4669117647,163056.04044117648,88733.01838235294,132970.1286764706,322747.13333333336,313142.0388888889,29970.0,3268.75,6142.0,7437.75,7352.25
은평구,2022,양식음식점,357317175.57575756,102803758.18181819,84866507.72727273,69140657.03030303,56102175.121212125,0.3773,6.47,800322.2205882353,110103.2205882353,121484.70220588235,124572.74264705883,121472.4669117647,163056.04044117648,88733.01838235294,132970.1286764706,322747.13333333336,313142.0388888889,29970.0,3268.75,6142.0,7437.75,7352.25
은평구,2022,일식음식점,140488789.47368422,33396144.89473684,34486399.2631579,27034150.736842107,23764950.736842107,0.3668,12.42,800322.2205882353,110103.2205882353,121484.70220588235,124572.74264705883,121472.4669117647,163056.04044117648,88733.01838235294,132970.1286764706,322747.13333333336,313142.0388888889,29970.0,3268.75,6142.0,7437.75,7352.25
은평구,2022,중식음식점,110409483.6981132,21718838.603773586,19150570.509433962,23962728.773584906,20753246.20754717,0.3566,11.2,800322.2205882353,110103.2205882353,121484.70220588235,124572.74264705883,121472.4669117647,163056.04044117648,88733.01838235294,132970.1286764706,322747.13333333336,313142.0388888889,29970.0,3268.75,6142.0,7437.75,7352.25
은평구,2022,치킨전문점,91757681.97979797,13141694.171717172,14147781.888888888,22797579.343434345,24222052.21212121,0.3318,8.58,800322.2205882353,110103.2205882353,121484.70220588235,124572.74264705883,121472.4669117647,163056.04044117648,88733.01838235294,132970.1286764706,322747.13333333336,313142.0388888889,29970.0,3268.75,6142.0,7437.75,7352.25
은평구,2022,커피-음료,132796727.41573034,33856787.26404494,31742483.52247191,27033694.26966292,22369430.325842697,0.3401,12.28,800322.2205882353,110103.2205882353,121484.70220588235,124572.74264705883,121472.4669117647,163056.04044117648,88733.01838235294,132970.1286764706,322747.13333333336,313142.0388888889,29970.0,3268.75,6142.0,7437.75,7352.25
은평구,2022,한식음식점,1107657864.237705,132616197.27868852,188514319.56557378,224967635.56967214,261106743.22131148,0.3329,9.09,800322.2205882353,110103.2205882353,121484.70220588235,124572.74264705883,121472.4669117647,163056.04044117648,88733.01838235294,132970.1286764706,322747.13333333336,313142.0388888889,29970.0,3268.75,6142.0,7437.75,7352.25
은평구,2023,분식전문점,167196055.24305555,23003393.333333332,31746180.701388888,42548034.4375,37430532.8125,0.3024,11.6,775583.8970588235,107501.33088235294,118645.875,122471.09926470589,119324.36029411765,158115.98897058822,85552.66911764706,128460.36764705883,344450.8777777778,335031.0888888889,29573.5,3115.5,6100.75,7380.5,7305.75
은평구,2023,양식음식점,338739203.3055556,84405840.6388889,85651558.44444445,66623337.30555555,57613641.94444445,0.3833,12.33,775583.8970588235,107501.33088235294,118645.875,122471.09926470589,119324.36029411765,158115.98897058822,85552.66911764706,128460.36764705883,344450.8777777778,335031.0888888889,29573.5,3115.5,6100.75,7380.5,7305.75
은평구,2023,일식음식점,159082105.8292683,41795314.90243903,39705101.512195125,29516471.292682927,26452420.19512195,0.3531,7.74,775583.8970588235,107501.33088235294,118645.875,122471.09926470589,119324.36029411765,158115.98897058822,85552.66911764706,128460.36764705883,344450.8777777778,335031.0888888889,29573.5,3115.5,6100.75,7380.5,7305.75
은평구,2023,중식음식점,119021897.0,21134397.963636365,21990490.327272728,25951245.272727273,23113974.036363635,0.3512,8.66,775583.8970588235,107501.33088235294,118645.875,122471.09926470589,119324.36029411765,158115.98897058822,85552.66911764706,128460.36764705883,344450.8777777778,335031.0888888889,29573.5,3115.5,6100.75,7380.5,7305.75
은평구,2023,치킨전문점,84377604.4404762,10445212.547619049,12760409.226190476,18716764.5,23399175.583333332,0.3291,9.8,775583.8970588235,107501.33088235294,118645.875,122471.09926470589,119324.36029411765,158115.98897058822,85552.66911764706,128460.36764705883,344450.8777777778,335031.0888888889,29573.5,3115.5,6100.75,7380.5,7305.75
은평구,2023,커피-음료,148849982.29834256,32152040.93922652,34724555.91160221,30778175.68508287,26921804.64640884,0.3347,13.05,775583.8970588235,107501.33088235294,118645.875,122471.09926470589,119324.36029411765,158115.98897058822,85552.66911764706,128460.36764705883,344450.8777777778,335031.0888888889,29573.5,3115.5,6100.75,7380.5,7305.75
은평구,2023,한식음식점,1236976436.3333333,125143993.8,210024148.5,242863176.76666668,283602873.15416664,0.3302,11.15,775583.8970588235,107501.33088235294,118645.875,122471.09926470589,119324.36029411765,158115.98897058822,85552.66911764706,128460.36764705883,344450.8777777778,335031.0888888889,29573.5,3115.5,6100.75,7380.5,7305.75
은평구,2024,분식전문점,172773641.03623188,21289650.18115942,32626820.608695652,39794886.69565217,40048255.03623188,0.2946,6.92,743067.0367647059,102479.22426470589,112710.87867647059,117105.11397058824,115111.64338235294,151060.83823529413,81990.89338235294,123175.79411764706,350175.6611111111,340267.4277777778,32098.5,3034.0,6342.0,7699.5,7872.0
은평구,2024,양식음식점,182663060.2580645,38414085.67741936,48472688.80645161,37272961.48387097,32410631.451612905,0.3589,10.87,743067.0367647059,102479.22426470589,112710.87867647059,117105.11397058824,115111.64338235294,151060.83823529413,81990.89338235294,123175.79411764706,350175.6611111111,340267.4277777778,32098.5,3034.0,6342.0,7699.5,7872.0
은평구,2024,일식음식점,148467642.95454547,39439744.25,42945530.04545455,26984868.113636363,23420133.295454547,0.3469,7.98,743067.0367647059,102479.22426470589,112710.87867647059,117105.11397058824,115111.64338235294,151060.83823529413,81990.89338235294,123175.79411764706,350175.6611111111,340267.4277777778,32098.5,3034.0,6342.0,7699.5,7872.0
은평구,2024,중식음식점,127935572.42553191,20485576.829787236,25904695.40425532,25869828.659574468,26152871.297872342,0.3445,10.57,743067.0367647059,102479.22426470589,112710.87867647059,117105.11397058824,115111.64338235294,151060.83823529413,81990.89338235294,123175.79411764706,350175.6611111111,340267.4277777778,32098.5,3034.0,6342.0,7699.5,7872.0
은평구,2024,치킨전문점,74532638.2,8293469.564705882,11793378.611764707,15874676.764705881,20241585.05882353,0.3208,7.18,743067.0367647059,102479.22426470589,112710.87867647059,117105.11397058824,115111.64338235294,151060.83823529413,81990.89338235294,123175.79411764706,350175.6611111111,340267.4277777778,32098.5,3034.0,6342.0,7699.5,7872.0
은평구,2024,커피-음료,162200342.07738096,31531969.13690476,38409149.172619045,31932360.57738095,30535906.76785714,0.3307,21.85,743067.0367647059,102479.22426470589,112710.87867647059,117105.11397058824,115111.64338235294,151060.83823529413,81990.89338235294,123175.79411764706,350175.6611111111,340267.4277777778,32098.5,3034.0,6342.0,7699.5,7872.0
은평구,2024,한식음식점,1248490138.2458334,114637336.47083333,210387042.86666667,230749284.6625,289170005.92083335,0.3227,10.23,743067.0367647059,102479.22426470589,112710.87867647059,117105.11397058824,115111.64338235294,151060.83823529413,81990.89338235294,123175.79411764706,350175.6611111111,340267.4277777778,32098.5,3034.0,6342.0,7699.5,7872.0
종로구,2019,분식전문점,531237768.0,162098254.64814815,122072531.18518518,102744817.56481482,64742406.074074075,0.3076,2.5,937183.0608108108,175637.51013513515,155446.2939189189,156287.6689189189,148589.1689189189,178755.7668918919,161022.22297297296,181147.70945945947,696251.9944444444,706870.4166666666,230853.0,41050.0,67759.0,64767.0,40262.0
종로구,2019,양식음식점,1176086812.4567902,315103403.3580247,266541953.2345679,176807730.09876543,125153671.61728396,0.2894,5.89,937183.0608108108,175637.51013513515,155446.2939189189,156287.6689189189,148589.1689189189,178755.7668918919,161022.22297297296,181147.70945945947,696251.9944444444,706870.4166666666,230853.0,41050.0,67759.0,64767.0,40262.0
종로구,2019,일식음식점,1048257609.9,232521483.36666667,214726072.28333333,138230193.25,104265425.43333334,0.1933,6.14,937183.0608108108,175637.51013513515,155446.2939189189,156287.6689189189,148589.1689189189,178755.7668918919,161022.22297297296,181147.70945945947,696251.9944444444,706870.4166666666,230853.0,41050.0,67759.0,64767.0,40262.0
종로구,2019,중식음식점,699225938.5238096,110196960.12698413,131072939.49206349,106372064.12698413,79259080.1111111,0.2009,4.42,937183.0608108108,175637.51013513515,155446.2939189189,156287.6689189189,148589.1689189189,178755.7668918919,161022.22297297296,181147.70945945947,696251.9944444444,706870.4166666666,230853.0,41050.0,67759.0,64767.0,40262.0
종로구,2019,치킨전문점,309560662.4137931,96997529.37931034,65359713.10344828,53475502.137931034,37811594.31034483,0.263,4.44,937183.0608108108,175637.51013513515,155446.2939189189,156287.6689189189,148589.1689189189,178755.7668918919,161022.22297297296,181147.70945945947,696251.9944444444,706870.4166666666,230853.0,41050.0,67759.0,64767.0,40262.0
종로구,2019,커피-음료,968044577.8324324,259582293.54054055,222852608.22702703,162090212.42162162,107080872.78378378,0.2452,8.77,937183.0608108108,175637.51013513515,155446.2939189189,156287.6689189189,148589.1689189189,178755.7668918919,161022.22297297296,181147.70945945947,696251.9944444444,706870.4166666666,230853.0,41050.0,67759.0,64767.0,40262.0
종로구,2019,한식음식점,2910996607.557377,461243325.38114756,513366406.7827869,486039259.73770493,444156684.9795082,0.2424,4.69,937183.0608108108,175637.51013513515,155446.2939189189,156287.6689189189,148589.1689189189,178755.7668918919,161022.22297297296,181147.70945945947,696251.9944444444,706870.4166666666,230853.0,41050.0,67759.0,64767.0,40262.0
종로구,2020,분식전문점,449023331.7787611,124265601.10619469,106771284.59292035,86479922.96460177,59166874.380530976,0.2707,4.1,799025.4662162162,146582.1081081081,136078.7027027027,137265.11824324325,132854.36824324325,160552.9662162162,134207.4662162162,146582.7972972973,457759.7055555555,463110.8277777778,230874.75,41020.5,67823.25,64783.25,40268.75
종로구,2020,양식음식점,869571996.4942529,226618049.8505747,205785308.95402297,118160028.4137931,106134482.37931034,0.2835,6.05,799025.4662162162,146582.1081081081,136078.7027027027,137265.11824324325,132854.36824324325,160552.9662162162,134207.4662162162,146582.7972972973,457759.7055555555,463110.8277777778,230874.75,41020.5,67823.25,64783.25,40268.75
종로구,2020,일식음식점,1036191282.0169492,234707079.20338982,213020067.8644068,135527738.79661018,99628963.6779661,0.1738,6.76,799025.4662162162,146582.1081081081,136078.7027027027,137265.11824324325,132854.36824324325,160552.9662162162,134207.4662162162,146582.7972972973,457759.7055555555,463110.8277777778,230874.75,41020.5,67823.25,64783.25,40268.75
종로구,2020,중식음식점,563174670.057971,82058943.11594203,103066779.31884058,86266973.72463769,66169846.507246375,0.1835,5.52,799025.4662162162,146582.1081081081,136078.7027027027,137265.11824324325,132854.36824324325,160552.9662162162,134207.4662162162,146582.7972972973,457759.7055555555,463110.8277777778,230874.75,41020.5,67823.25,64783.25,40268.75
종로구,2020,치킨전문점,317396748.125,89625246.828125,69568381.1875,54412977.21875,40350493.640625,0.2411,3.97,799025.4662162162,146582.1081081081,136078.7027027027,137265.11824324325,132854.36824324325,160552.9662162162,134207.4662162162,146582.7972972973,457759.7055555555,463110.8277777778,230874.75,41020.5,67823.25,64783.25,40268.75
종로구,2020,커피-음료,797777803.9243243,227261054.2918919,196410170.95675677,127438432.24864864,89536712.76216216,0.2431,9.31,799025.4662162162,146582.1081081081,136078.7027027027,137265.11824324325,132854.36824324325,160552.9662162162,134207.4662162162,146582.7972972973,457759.7055555555,463110.8277777778,230874.75,41020.5,67823.25,64783.25,40268.75
종로구,2020,한식음식점,2367195433.47541,386502460.2336066,430089070.5860656,382605137.8647541,360559885.7418033,0.2156,5.95,799025.4662162162,146582.1081081081,136078.7027027027,137265.11824324325,132854.36824324325,160552.9662162162,134207.4662162162,146582.7972972973,457759.7055555555,463110.8277777778,230874.75,41020.5,67823.25,64783.25,40268.75
종로구,2021,분식전문점,534886722.3333333,127863162.34074074,121732824.55555555,111249081.77037036,80272582.37777779,0.2872,4.91,770784.9290540541,138937.0,129407.50675675676,132261.87162162163,130759.34121621621,156675.91554054053,130225.91891891892,140721.5168918919,450834.2,451761.0888888889,230084.75,40753.0,67772.75,64620.75,40166.5
종로구,2021,양식음식점,1053759499.4242424,266287954.15151516,265266187.8181818,146332277.8989899,113809047.04040404,0.3195,5.85,770784.9290540541,138937.0,129407.50675675676,132261.87162162163,130759.34121621621,156675.91554054053,130225.91891891892,140721.5168918919,450834.2,451761.0888888889,230084.75,40753.0,67772.75,64620.75,40166.5
종로구,2021,일식음식점,1283693058.8253968,255015181.31746033,248965425.4920635,164583341.12698412,136477524.01587301,0.1785,6.55,770784.9290540541,138937.0,129407.50675675676,132261.87162162163,130759.34121621621,156675.91554054053,130225.91891891892,140721.5168918919,450834.2,451761.0888888889,230084.75,40753.0,67772.75,64620.75,40166.5
종로구,2021,중식음식점,735043965.9473684,109879872.03947368,137827769.9473684,116850071.10526316,92271110.4736842,0.1849,4.52,770784.9290540541,138937.0,129407.50675675676,132261.87162162163,130759.34121621621,156675.91554054053,130225.91891891892,140721.5168918919,450834.2,451761.0888888889,230084.75,40753.0,67772.75,64620.75,40166.5
종로구,2021,치킨전문점,329720207.3333333,62415999.625,67067875.916666664,65410686.80555555,54720249.61111111,0.2266,1.98,770784.9290540541,138937.0,129407.50675675676,132261.87162162163,130759.34121621621,156675.91554054053,130225.91891891892,140721.5168918919,450834.2,451761.0888888889,230084.75,40753.0,67772.75,64620.75,40166.5
종로구,2021,커피-음료,1062845390.5918367,297209232.6938776,259416917.9387755,172558536.04591838,129290121.25,0.2719,8.14,770784.9290540541,138937.0,129407.50675675676,132261.87162162163,130759.34121621621,156675.91554054053,130225.91891891892,140721.5168918919,450834.2,451761.0888888889,230084.75,40753.0,67772.75,64620.75,40166.5
종로구,2021,한식음식점,2912991970.483333,442517812.53333336,520052436.95,460382034.48333335,463687898.6041667,0.2346,5.19,770784.9290540541,138937.0,129407.50675675676,132261.87162162163,130759.34121621621,156675.91554054053,130225.91891891892,140721.5168918919,450834.2,451761.0888888889,230084.75,40753.0,67772.75,64620.75,40166.5
종로구,2022,분식전문점,766706677.6587301,176029922.8968254,176608417.55555555,159444594.53174603,117966721.57936507,0.3155,3.17,817500.2837837838,156525.05067567568,135401.875,136551.89864864864,135798.0337837838,164549.52027027027,138563.4831081081,151854.86824324325,527740.05,529491.0555555555,225584.75,39968.5,66503.0,63455.25,39418.75
종로구,2022,양식음식점,1279948049.4554455,291838122.8811881,323280162.0891089,192823809.52475247,142835343.9009901,0.33,4.78,817500.2837837838,156525.05067567568,135401.875,136551.89864864864,135798.0337837838,164549.52027027027,138563.4831081081,151854.86824324325,527740.05,529491.0555555555,225584.75,39968.5,66503.0,63455.25,39418.75
종로구,2022,일식음식점,1376282465.65625,243711082.71875,273887831.0,179711901.875,155773496.859375,0.1945,4.17,817500.2837837838,156525.05067567568,135401.875,136551.89864864864,135798.0337837838,164549.52027027027,138563.4831081081,151854.86824324325,527740.05,529491.0555555555,225584.75,39968.5,66503.0,63455.25,39418.75
종로구,2022,중식음식점,1058230274.9852941,151904267.47058824,205165234.0147059,162236370.8529412,128101396.86764705,0.202,5.43,817500.2837837838,156525.05067567568,135401.875,136551.89864864864,135798.0337837838,164549.52027027027,138563.4831081081,151854.86824324325,527740.05,529491.0555555555,225584.75,39968.5,66503.0,63455.25,39418.75
종로구,2022,치킨전문점,492494607.74647886,86152608.0140845,105762560.63380282,88297487.74647887,76697622.94366197,0.2361,5.62,817500.2837837838,156525.05067567568,135401.875,136551.89864864864,135798.0337837838,164549.52027027027,138563.4831081081,151854.86824324325,527740.05,529491.0555555555,225584.75,39968.5,66503.0,63455.25,39418.75
종로구,2022,커피-음료,1310799344.482412,320891501.53768843,324482253.2914573,224467678.14572865,169988032.9246231,0.2873,6.43,817500.2837837838,156525.05067567568,135401.875,136551.89864864864,135798.0337837838,164549.52027027027,138563.4831081081,151854.86824324325,527740.05,529491.0555555555,225584.75,39968.5,66503.0,63455.25,39418.75
종로구,2022,한식음식점,3878249192.5311203,529179202.0207469,696952402.6804979,599843834.7219917,615967683.5850623,0.2537,3.29,817500.2837837838,156525.05067567568,135401.875,136551.89864864864,135798.0337837838,164549.52027027027,138563.4831081081,151854.86824324325,527740.05,529491.0555555555,225584.75,39968.5,66503.0,63455.25,39418.75
종로구,2023,분식전문점,833162908.95,173363744.11666667,192474191.64166668,170281493.70833334,139392863.20833334,0.306,4.1,824106.5337837838,161247.7331081081,139218.69256756757,137281.63851351352,136467.41554054053,165011.55405405405,140820.55405405405,154859.5608108108,595796.9833333333,598761.3277777778,219002.25,39117.75,64695.25,61630.75,38105.5
종로구,2023,양식음식점,1465384558.6831684,276818354.5940594,354893652.0990099,236907881.55445546,173140082.84158415,0.3044,4.01,824106.5337837838,161247.7331081081,139218.69256756757,137281.63851351352,136467.41554054053,165011.55405405405,140820.55405405405,154859.5608108108,595796.9833333333,598761.3277777778,219002.25,39117.75,64695.25,61630.75,38105.5
종로구,2023,일식음식점,1584102488.9322033,262884554.11864406,328021781.7966102,208972964.77966103,172808177.15254238,0.1979,3.69,824106.5337837838,161247.7331081081,139218.69256756757,137281.63851351352,136467.41554054053,165011.55405405405,140820.55405405405,154859.5608108108,595796.9833333333,598761.3277777778,219002.25,39117.75,64695.25,61630.75,38105.5
종로구,2023,중식음식점,1138142785.6029413,154997241.47058824,227312149.30882353,168425263.19117647,138537192.3382353,0.2041,6.49,824106.5337837838,161247.7331081081,139218.69256756757,137281.63851351352,136467.41554054053,165011.55405405405,140820.55405405405,154859.5608108108,595796.9833333333,598761.3277777778,219002.25,39117.75,64695.25,61630.75,38105.5
종로구,2023,치킨전문점,591036989.057971,89757609.42028986,126934202.49275362,102778538.0,95582393.91304348,0.2298,5.24,824106.5337837838,161247.7331081081,139218.69256756757,137281.63851351352,136467.41554054053,165011.55405405405,140820.55405405405,154859.5608108108,595796.9833333333,598761.3277777778,219002.25,39117.75,64695.25,61630.75,38105.5
종로구,2023,커피-음료,1373543899.8059702,294912789.6666667,338660932.68159205,235905821.16417912,187483111.83084577,0.2737,7.63,824106.5337837838,161247.7331081081,139218.69256756757,137281.63851351352,136467.41554054053,165011.55405405405,140820.55405405405,154859.5608108108,595796.9833333333,598761.3277777778,219002.25,39117.75,64695.25,61630.75,38105.5
종로구,2023,한식음식점,4500306806.354167,551179610.1291667,806604838.8166667,682925463.2208333,708471967.125,0.2476,4.08,824106.5337837838,161247.7331081081,139218.69256756757,137281.63851351352,136467.41554054053,165011.55405405405,140820.55405405405,154859.5608108108,595796.9833333333,598761.3277777778,219002.25,39117.75,64695.25,61630.75,38105.5
종로구,2024,분식전문점,789952470.4621849,150285116.34453782,183796249.61344537,159592355.66386554,137645320.34453782,0.2959,14.15,810147.7195945946,161263.9358108108,137356.2195945946,135286.9662162162,132398.65202702704,162398.72297297296,138180.0337837838,152784.05067567568,611307.05,615470.6333333333,218394.75,38863.5,64598.25,61548.5,38034.25
종로구,2024,양식음식점,1395972529.0952382,253483467.5142857,337665909.74285716,217249508.57142857,168331166.34285715,0.2955,15.14,810147.7195945946,161263.9358108108,137356.2195945946,135286.9662162162,132398.65202702704,162398.72297297296,138180.0337837838,152784.05067567568,611307.05,615470.6333333333,218394.75,38863.5,64598.25,61548.5,38034.25
종로구,2024,일식음식점,1488971195.9056604,224539613.43396226,302034450.6037736,197945612.7735849,169265130.41509435,0.1901,10.75,810147.7195945946,161263.9358108108,137356.2195945946,135286.9662162162,132398.65202702704,162398.72297297296,138180.0337837838,152784.05067567568,611307.05,615470.6333333333,218394.75,38863.5,64598.25,61548.5,38034.25
종로구,2024,중식음식점,1155454914.878788,146671893.45454547,235415406.71212122,171264609.9090909,140827064.62121212,0.2042,17.51,810147.7195945946,161263.9358108108,137356.2195945946,135286.9662162162,132398.65202702704,162398.72297297296,138180.0337837838,152784.05067567568,611307.05,615470.6333333333,218394.75,38863.5,64598.25,61548.5,38034.25
종로구,2024,치킨전문점,539272467.3692307,68551086.38461539,114291006.0,96217105.09230769,91599739.33846153,0.2209,16.03,810147.7195945946,161263.9358108108,137356.2195945946,135286.9662162162,132398.65202702704,162398.72297297296,138180.0337837838,152784.05067567568,611307.05,615470.6333333333,218394.75,38863.5,64598.25,61548.5,38034.25
종로구,2024,커피-음료,1405559102.1519608,285600067.6666667,341576088.84313726,234313708.72058824,205554331.1617647,0.2706,11.31,810147.7195945946,161263.9358108108,137356.2195945946,135286.9662162162,132398.65202702704,162398.72297297296,138180.0337837838,152784.05067567568,611307.05,615470.6333333333,218394.75,38863.5,64598.25,61548.5,38034.25
종로구,2024,한식음식점,4597544519.689075,544572682.8529412,847193548.394958,677936034.0588236,719881162.0630252,0.2422,11.7,810147.7195945946,161263.9358108108,137356.2195945946,135286.9662162162,132398.65202702704,162398.72297297296,138180.0337837838,152784.05067567568,611307.05,615470.6333333333,218394.75,38863.5,64598.25,61548.5,38034.25
중구,2019,분식전문점,459516831.64492756,101607019.61594203,115154011.80434783,96071283.03623189,55617874.13768116,0.2155,5.45,972405.4044117647,170272.35294117648,198530.375,177562.01470588235,154913.97794117648,197905.36397058822,178095.70955882352,180531.56985294117,501326.93518518517,498614.737654321,414496.0,90615.0,130991.0,102900.0,65966.0
중구,2019,양식음식점,983000784.6551725,200517908.52873564,232871396.89655173,157763990.13793105,96824425.70114942,0.2607,5.72,972405.4044117647,170272.35294117648,198530.375,177562.01470588235,154913.97794117648,197905.36397058822,178095.70955882352,180531.56985294117,501326.93518518517,498614.737654321,414496.0,90615.0,130991.0,102900.0,65966.0
중구,2019,일식음식점,934447854.2894737,134658916.17105263,187688851.53947368,142524361.5526316,89354008.01315789,0.1204,5.8,972405.4044117647,170272.35294117648,198530.375,177562.01470588235,154913.97794117648,197905.36397058822,178095.70955882352,180531.56985294117,501326.93518518517,498614.737654321,414496.0,90615.0,130991.0,102900.0,65966.0
중구,2019,중식음식점,777397297.3409091,92773761.4659091,134290844.54545453,118724635.11363636,76771720.0340909,0.1406,8.13,972405.4044117647,170272.35294117648,198530.375,177562.01470588235,154913.97794117648,197905.36397058822,178095.70955882352,180531.56985294117,501326.93518518517,498614.737654321,414496.0,90615.0,130991.0,102900.0,65966.0
중구,2019,치킨전문점,205088272.2368421,41294449.973684214,43364111.473684214,42216735.315789476,27298467.94736842,0.1779,5.38,972405.4044117647,170272.35294117648,198530.375,177562.01470588235,154913.97794117648,197905.36397058822,178095.70955882352,180531.56985294117,501326.93518518517,498614.737654321,414496.0,90615.0,130991.0,102900.0,65966.0
중구,2019,커피-음료,1265447846.724551,262966848.46107784,305774714.1916168,244424268.62275448,143209294.62275448,0.203,9.02,972405.4044117647,170272.35294117648,198530.375,177562.01470588235,154913.97794117648,197905.36397058822,178095.70955882352,180531.56985294117,501326.93518518517,498614.737654321,414496.0,90615.0,130991.0,102900.0,65966.0
중구,2019,한식음식점,3655099338.9012876,403588541.2017167,602507036.1888412,623052565.9742489,494548130.4248927,0.1673,4.74,972405.4044117647,170272.35294117648,198530.375,177562.01470588235,154913.97794117648,197905.36397058822,178095.70955882352,180531.56985294117,501326.93518518517,498614.737654321,414496.0,90615.0,130991.0,102900.0,65966.0
중구,2020,분식전문점,433620013.62857145,79876672.97142857,106187922.15714286,90223383.72857143,59335640.27857143,0.1794,4.79,845158.0919117647,143401.0330882353,177525.78676470587,161301.5,139927.56985294117,179458.7205882353,152690.01838235295,149329.93014705883,323858.67823343846,324037.83911671926,415266.0,90802.75,131209.5,103096.75,66102.5
중구,2020,양식음식점,827982355.7,172536262.63333333,209088761.1111111,127568741.7,78805640.62222221,0.2355,5.69,845158.0919117647,143401.0330882353,177525.78676470587,161301.5,139927.56985294117,179458.7205882353,152690.01838235295,149329.93014705883,323858.67823343846,324037.83911671926,415266.0,90802.75,131209.5,103096.75,66102.5
중구,2020,일식음식점,787147498.3717948,102904195.17948718,151319656.52564102,117177001.16666667,78183848.1923077,0.0935,8.55,845158.0919117647,143401.0330882353,177525.78676470587,161301.5,139927.56985294117,179458.7205882353,152690.01838235295,149329.93014705883,323858.67823343846,324037.83911671926,415266.0,90802.75,131209.5,103096.75,66102.5
중구,2020,중식음식점,580373959.1458334,64612972.229166664,103894613.42708333,92055817.72916667,62538190.09375,0.1323,9.05,845158.0919117647,143401.0330882353,177525.78676470587,161301.5,139927.56985294117,179458.7205882353,152690.01838235295,149329.93014705883,323858.67823343846,324037.83911671926,415266.0,90802.75,131209.5,103096.75,66102.5
중구,2020,치킨전문점,176612343.36363637,32609425.31168831,37677165.14285714,37534976.03896104,26725067.51948052,0.1699,7.07,845158.0919117647,143401.0330882353,177525.78676470587,161301.5,139927.56985294117,179458.7205882353,152690.01838235295,149329.93014705883,323858.67823343846,324037.83911671926,415266.0,90802.75,131209.5,103096.75,66102.5
중구,2020,커피-음료,1041517497.1294118,205589188.5117647,263780141.4117647,210176019.77058825,115516666.5117647,0.159,9.0,845158.0919117647,143401.0330882353,177525.78676470587,161301.5,139927.56985294117,179458.7205882353,152690.01838235295,149329.93014705883,323858.67823343846,324037.83911671926,415266.0,90802.75,131209.5,103096.75,66102.5
중구,2020,한식음식점,3219308321.722944,360233353.5974026,555440212.1298702,551955705.8398268,466907648.26406926,0.1595,5.45,845158.0919117647,143401.0330882353,177525.78676470587,161301.5,139927.56985294117,179458.7205882353,152690.01838235295,149329.93014705883,323858.67823343846,324037.83911671926,415266.0,90802.75,131209.5,103096.75,66102.5
중구,2021,분식전문점,679532225.7172414,116912543.45517242,164515723.5172414,145032617.1310345,95629405.00689656,0.1774,5.78,815287.2794117647,138199.8455882353,171862.95220588235,155961.01102941178,135563.83088235295,173685.65073529413,146993.47794117648,142693.47794117648,322225.22756410256,320663.5544871795,418192.75,91426.5,132083.5,103871.0,66642.25
중구,2021,양식음식점,993098501.1630435,205994083.76086956,256002836.76086956,157000332.1521739,97104956.26086956,0.2817,4.31,815287.2794117647,138199.8455882353,171862.95220588235,155961.01102941178,135563.83088235295,173685.65073529413,146993.47794117648,142693.47794117648,322225.22756410256,320663.5544871795,418192.75,91426.5,132083.5,103871.0,66642.25
중구,2021,일식음식점,994352384.4470588,162273594.54117647,196957480.27058825,140471027.25882354,100418551.58823529,0.1307,7.43,815287.2794117647,138199.8455882353,171862.95220588235,155961.01102941178,135563.83088235295,173685.65073529413,146993.47794117648,142693.47794117648,322225.22756410256,320663.5544871795,418192.75,91426.5,132083.5,103871.0,66642.25
중구,2021,중식음식점,659969929.5196079,72680735.13725491,115246731.8235294,106160688.07843137,82589673.16666667,0.1482,7.14,815287.2794117647,138199.8455882353,171862.95220588235,155961.01102941178,135563.83088235295,173685.65073529413,146993.47794117648,142693.47794117648,322225.22756410256,320663.5544871795,418192.75,91426.5,132083.5,103871.0,66642.25
중구,2021,치킨전문점,181470322.4125,28164843.825,34606176.2625,38787722.1,34810780.8875,0.1696,8.9,815287.2794117647,138199.8455882353,171862.95220588235,155961.01102941178,135563.83088235295,173685.65073529413,146993.47794117648,142693.47794117648,322225.22756410256,320663.5544871795,418192.75,91426.5,132083.5,103871.0,66642.25
중구,2021,커피-음료,1505831341.5136611,295103518.1912568,382837589.6830601,320636100.6393443,188251777.3169399,0.1366,9.72,815287.2794117647,138199.8455882353,171862.95220588235,155961.01102941178,135563.83088235295,173685.65073529413,146993.47794117648,142693.47794117648,322225.22756410256,320663.5544871795,418192.75,91426.5,132083.5,103871.0,66642.25
중구,2021,한식음식점,3965439574.9827585,439877554.69827586,696176629.6810344,666493125.9482758,591521858.9698275,0.1671,5.22,815287.2794117647,138199.8455882353,171862.95220588235,155961.01102941178,135563.83088235295,173685.65073529413,146993.47794117648,142693.47794117648,322225.22756410256,320663.5544871795,418192.75,91426.5,132083.5,103871.0,66642.25
중구,2022,분식전문점,721477280.4965986,117737695.00680272,171127326.13605443,156501811.91836736,107974182.6122449,0.1866,5.67,864981.0625,151288.9338235294,181109.04411764705,164347.08088235295,141815.01102941178,183368.01470588235,156188.0625,153506.33455882352,385063.65705128206,382829.4551282051,414350.75,90197.0,131031.0,103111.75,66125.25
중구,2022,양식음식점,1134274795.28125,210514817.84375,283478414.2916667,184562550.29166666,117127331.22916667,0.279,6.84,864981.0625,151288.9338235294,181109.04411764705,164347.08088235295,141815.01102941178,183368.01470588235,156188.0625,153506.33455882352,385063.65705128206,382829.4551282051,414350.75,90197.0,131031.0,103111.75,66125.25
중구,2022,일식음식점,1129624854.3522727,175999377.38636363,219710020.60227272,154229193.8181818,113191290.2840909,0.1265,7.12,864981.0625,151288.9338235294,181109.04411764705,164347.08088235295,141815.01102941178,183368.01470588235,156188.0625,153506.33455882352,385063.65705128206,382829.4551282051,414350.75,90197.0,131031.0,103111.75,66125.25
중구,2022,중식음식점,937036636.2631578,88698124.31578948,151193968.82105264,142200026.50526315,114641332.44210526,0.139,9.68,864981.0625,151288.9338235294,181109.04411764705,164347.08088235295,141815.01102941178,183368.01470588235,156188.0625,153506.33455882352,385063.65705128206,382829.4551282051,414350.75,90197.0,131031.0,103111.75,66125.25
중구,2022,치킨전문점,360007006.3472222,54666428.625,71153228.97222222,72510124.18055555,62916753.30555555,0.186,6.59,864981.0625,151288.9338235294,181109.04411764705,164347.08088235295,141815.01102941178,183368.01470588235,156188.0625,153506.33455882352,385063.65705128206,382829.4551282051,414350.75,90197.0,131031.0,103111.75,66125.25
중구,2022,커피-음료,1785243012.3351352,320546085.6054054,447939343.1135135,390723563.74054056,240968087.28108108,0.1446,8.55,864981.0625,151288.9338235294,181109.04411764705,164347.08088235295,141815.01102941178,183368.01470588235,156188.0625,153506.33455882352,385063.65705128206,382829.4551282051,414350.75,90197.0,131031.0,103111.75,66125.25
중구,2022,한식음식점,5172182173.987013,528204272.22943723,905915284.1212121,828952113.04329,744296546.8744589,0.1838,5.63,864981.0625,151288.9338235294,181109.04411764705,164347.08088235295,141815.01102941178,183368.01470588235,156188.0625,153506.33455882352,385063.65705128206,382829.4551282051,414350.75,90197.0,131031.0,103111.75,66125.25
중구,2023,분식전문점,828411124.1388888,122851653.2986111,196193688.6736111,178041980.6736111,128472678.16666667,0.1823,17.25,880038.3897058824,153521.11764705883,186375.5,167686.63602941178,143777.41911764705,184973.7205882353,160665.81985294117,159424.30147058822,462864.36858974356,458557.375,407205.0,87944.5,129004.25,101677.75,65102.75
중구,2023,양식음식점,1167790354.1770833,186321778.60416666,271511035.1145833,200049948.51041666,129249405.58333333,0.2523,12.67,880038.3897058824,153521.11764705883,186375.5,167686.63602941178,143777.41911764705,184973.7205882353,160665.81985294117,159424.30147058822,462864.36858974356,458557.375,407205.0,87944.5,129004.25,101677.75,65102.75
중구,2023,일식음식점,1274993888.2444444,178429517.5,252385744.42222223,177913561.46666667,129525675.58888888,0.1306,10.38,880038.3897058824,153521.11764705883,186375.5,167686.63602941178,143777.41911764705,184973.7205882353,160665.81985294117,159424.30147058822,462864.36858974356,458557.375,407205.0,87944.5,129004.25,101677.75,65102.75
중구,2023,중식음식점,999535780.3894737,86065479.69473684,153786859.4631579,145744738.6736842,119535059.70526315,0.1283,11.11,880038.3897058824,153521.11764705883,186375.5,167686.63602941178,143777.41911764705,184973.7205882353,160665.81985294117,159424.30147058822,462864.36858974356,458557.375,407205.0,87944.5,129004.25,101677.75,65102.75
중구,2023,치킨전문점,454696804.4117647,58648412.8382353,91949869.3235294,93844291.89705883,75978075.35294117,0.179,11.44,880038.3897058824,153521.11764705883,186375.5,167686.63602941178,143777.41911764705,184973.7205882353,160665.81985294117,159424.30147058822,462864.36858974356,458557.375,407205.0,87944.5,129004.25,101677.75,65102.75
중구,2023,커피-음료,1946868068.909091,297065864.9251337,472498276.631016,426753478.7914438,282339455.06417114,0.1422,9.91,880038.3897058824,153521.11764705883,186375.5,167686.63602941178,143777.41911764705,184973.7205882353,160665.81985294117,159424.30147058822,462864.36858974356,458557.375,407205.0,87944.5,129004.25,101677.75,65102.75
중구,2023,한식음식점,5995494866.548245,544718929.6666666,1021645859.1403508,945681539.6622807,874733695.7850877,0.1774,12.6,880038.3897058824,153521.11764705883,186375.5,167686.63602941178,143777.41911764705,184973.7205882353,160665.81985294117,159424.30147058822,462864.36858974356,458557.375,407205.0,87944.5,129004.25,101677.75,65102.75
중구,2024,분식전문점,789878109.6713287,102946988.73426573,182174695.3216783,167786023.37762237,130701290.18181819,0.1839,5.06,863931.7095588235,152706.28676470587,182849.89338235295,165619.5625,140394.85661764705,181490.94485294117,158636.4669117647,157936.26470588235,488179.45192307694,482676.48076923075,429370.25,92498.5,135843.25,107245.25,68881.25
중구,2024,양식음식점,1164371519.5,184552532.10416666,266270655.69791666,205183010.5,134735565.67708334,0.2523,5.66,863931.7095588235,152706.28676470587,182849.89338235295,165619.5625,140394.85661764705,181490.94485294117,158636.4669117647,157936.26470588235,488179.45192307694,482676.48076923075,429370.25,92498.5,135843.25,107245.25,68881.25
중구,2024,일식음식점,1244238637.764706,153251951.70588234,253371439.72941175,169647318.70588234,124001953.8117647,0.1278,6.85,863931.7095588235,152706.28676470587,182849.89338235295,165619.5625,140394.85661764705,181490.94485294117,158636.4669117647,157936.26470588235,488179.45192307694,482676.48076923075,429370.25,92498.5,135843.25,107245.25,68881.25
중구,2024,중식음식점,1005556929.2040817,86394055.93877551,166419164.91836736,140140053.7755102,123340848.03061225,0.1318,7.72,863931.7095588235,152706.28676470587,182849.89338235295,165619.5625,140394.85661764705,181490.94485294117,158636.4669117647,157936.26470588235,488179.45192307694,482676.48076923075,429370.25,92498.5,135843.25,107245.25,68881.25
중구,2024,치킨전문점,411645358.4852941,43388370.073529415,84740285.60294117,85394854.73529412,71135935.08823529,0.1707,4.28,863931.7095588235,152706.28676470587,182849.89338235295,165619.5625,140394.85661764705,181490.94485294117,158636.4669117647,157936.26470588235,488179.45192307694,482676.48076923075,429370.25,92498.5,135843.25,107245.25,68881.25
중구,2024,커피-음료,1959833937.3650794,281164908.0793651,474267629.38095236,420095075.1693122,276833276.76719576,0.1505,10.56,863931.7095588235,152706.28676470587,182849.89338235295,165619.5625,140394.85661764705,181490.94485294117,158636.4669117647,157936.26470588235,488179.45192307694,482676.48076923075,429370.25,92498.5,135843.25,107245.25,68881.25
중구,2024,한식음식점,6673480419.725664,541926572.4955752,1124671947.6061947,989406789.7079647,937533953.4026549,0.1894,4.15,863931.7095588235,152706.28676470587,182849.89338235295,165619.5625,140394.85661764705,181490.94485294117,158636.4669117647,157936.26470588235,488179.45192307694,482676.48076923075,429370.25,92498.5,135843.25,107245.25,68881.25
중랑구,2019,분식전문점,94296622.55,21339425.2,19017048.84,21191263.31,17040133.46,0.2984,9.63,1008320.3647540984,134688.49590163934,151908.70081967214,147468.27049180327,168811.1393442623,205189.71721311475,113412.07786885246,167710.70081967214,282496.1103448276,271895.6620689655,22087.0,2574.0,4620.0,5747.0,5801.0
중랑구,2019,양식음식점,112342196.75,29838680.5,39554577.25,24799065.75,12931075.0,0.3744,9.23,1008320.3647540984,134688.49590163934,151908.70081967214,147468.27049180327,168811.1393442623,205189.71721311475,113412.07786885246,167710.70081967214,282496.1103448276,271895.6620689655,22087.0,2574.0,4620.0,5747.0,5801.0
중랑구,2019,일식음식점,873073602.3076923,149677742.30769232,185703758.30769232,244030665.53846154,154361079.15384614,0.4268,8.85,1008320.3647540984,134688.49590163934,151908.70081967214,147468.27049180327,168811.1393442623,205189.71721311475,113412.07786885246,167710.70081967214,282496.1103448276,271895.6620689655,22087.0,2574.0,4620.0,5747.0,5801.0
중랑구,2019,중식음식점,87389589.44444445,19005032.555555556,19773037.0,21981550.444444444,14039561.611111112,0.3701,8.42,1008320.3647540984,134688.49590163934,151908.70081967214,147468.27049180327,168811.1393442623,205189.71721311475,113412.07786885246,167710.70081967214,282496.1103448276,271895.6620689655,22087.0,2574.0,4620.0,5747.0,5801.0
중랑구,2019,치킨전문점,66043290.81818182,14627954.393939395,14586895.848484848,15464316.090909092,12788701.909090908,0.343,6.57,1008320.3647540984,134688.49590163934,151908.70081967214,147468.27049180327,168811.1393442623,205189.71721311475,113412.07786885246,167710.70081967214,282496.1103448276,271895.6620689655,22087.0,2574.0,4620.0,5747.0,5801.0
중랑구,2019,커피-음료,118625578.96261682,42632591.10280374,28969086.85046729,20697648.31775701,15323882.364485981,0.3395,10.03,1008320.3647540984,134688.49590163934,151908.70081967214,147468.27049180327,168811.1393442623,205189.71721311475,113412.07786885246,167710.70081967214,282496.1103448276,271895.6620689655,22087.0,2574.0,4620.0,5747.0,5801.0
중랑구,2019,한식음식점,1054129897.9954128,152092256.39908257,196949096.68348625,225920277.53669724,255418749.2614679,0.3374,8.43,1008320.3647540984,134688.49590163934,151908.70081967214,147468.27049180327,168811.1393442623,205189.71721311475,113412.07786885246,167710.70081967214,282496.1103448276,271895.6620689655,22087.0,2574.0,4620.0,5747.0,5801.0
중랑구,2020,분식전문점,102943319.9099099,22116613.81081081,21721622.594594594,22925257.35135135,20213258.684684686,0.2856,7.59,1029560.5901639344,142543.03278688525,157670.8155737705,151492.0819672131,172115.4180327869,209127.29918032786,116860.91393442624,171260.3237704918,208085.85897435897,200745.7371794872,22117.5,2552.25,4627.25,5759.75,5828.5
중랑구,2020,양식음식점,61352700.2,16347322.0,19356091.4,13088219.2,8120301.8,0.354,11.59,1029560.5901639344,142543.03278688525,157670.8155737705,151492.0819672131,172115.4180327869,209127.29918032786,116860.91393442624,171260.3237704918,208085.85897435897,200745.7371794872,22117.5,2552.25,4627.25,5759.75,5828.5
중랑구,2020,일식음식점,1084354414.7777777,246999436.1111111,220336871.55555555,267786292.8888889,193473808.8888889,0.4004,7.83,1029560.5901639344,142543.03278688525,157670.8155737705,151492.0819672131,172115.4180327869,209127.29918032786,116860.91393442624,171260.3237704918,208085.85897435897,200745.7371794872,22117.5,2552.25,4627.25,5759.75,5828.5
중랑구,2020,중식음식점,76590779.28571428,16912240.095238097,16027643.047619049,16989919.285714287,14017296.476190476,0.3518,5.05,1029560.5901639344,142543.03278688525,157670.8155737705,151492.0819672131,172115.4180327869,209127.29918032786,116860.91393442624,171260.3237704918,208085.85897435897,200745.7371794872,22117.5,2552.25,4627.25,5759.75,5828.5
중랑구,2020,치킨전문점,56130214.98611111,10776533.458333334,11149164.236111112,12727658.652777778,12948742.666666666,0.336,6.53,1029560.5901639344,142543.03278688525,157670.8155737705,151492.0819672131,172115.4180327869,209127.29918032786,116860.91393442624,171260.3237704918,208085.85897435897,200745.7371794872,22117.5,2552.25,4627.25,5759.75,5828.5
중랑구,2020,커피-음료,114693649.68141593,41249346.6460177,28221017.530973453,19106573.42477876,14950314.637168141,0.3235,9.72,1029560.5901639344,142543.03278688525,157670.8155737705,151492.0819672131,172115.4180327869,209127.29918032786,116860.91393442624,171260.3237704918,208085.85897435897,200745.7371794872,22117.5,2552.25,4627.25,5759.75,5828.5
중랑구,2020,한식음식점,1085030402.0954545,163204535.8409091,199269605.95,218470062.65454546,267724746.92727274,0.3277,9.44,1029560.5901639344,142543.03278688525,157670.8155737705,151492.0819672131,172115.4180327869,209127.29918032786,116860.91393442624,171260.3237704918,208085.85897435897,200745.7371794872,22117.5,2552.25,4627.25,5759.75,5828.5
중랑구,2021,분식전문점,108831463.09589042,18199085.79452055,21590933.37671233,25748851.020547945,23931282.020547945,0.2715,7.85,983429.9631147541,136625.62704918033,151970.7868852459,145179.9631147541,165839.381147541,199319.14344262294,111115.93852459016,163674.99590163934,211575.13461538462,206199.11538461538,21992.0,2421.5,4594.25,5768.75,5876.25
중랑구,2021,양식음식점,45808468.875,20244673.625,12329407.375,6204996.6875,3888425.75,0.3834,8.75,983429.9631147541,136625.62704918033,151970.7868852459,145179.9631147541,165839.381147541,199319.14344262294,111115.93852459016,163674.99590163934,211575.13461538462,206199.11538461538,21992.0,2421.5,4594.25,5768.75,5876.25
중랑구,2021,일식음식점,794964781.6923077,192244205.07692307,173005815.76923078,180759060.07692307,142436228.07692307,0.4294,3.91,983429.9631147541,136625.62704918033,151970.7868852459,145179.9631147541,165839.381147541,199319.14344262294,111115.93852459016,163674.99590163934,211575.13461538462,206199.11538461538,21992.0,2421.5,4594.25,5768.75,5876.25
중랑구,2021,중식음식점,102988229.48571429,17153341.028571427,17202827.14285714,19449329.714285713,21056912.885714285,0.3358,6.8,983429.9631147541,136625.62704918033,151970.7868852459,145179.9631147541,165839.381147541,199319.14344262294,111115.93852459016,163674.99590163934,211575.13461538462,206199.11538461538,21992.0,2421.5,4594.25,5768.75,5876.25
중랑구,2021,치킨전문점,58747005.98058253,7861973.990291262,10558103.18446602,14248306.40776699,15571496.825242719,0.3368,7.3,983429.9631147541,136625.62704918033,151970.7868852459,145179.9631147541,165839.381147541,199319.14344262294,111115.93852459016,163674.99590163934,211575.13461538462,206199.11538461538,21992.0,2421.5,4594.25,5768.75,5876.25
중랑구,2021,커피-음료,119495851.31578948,33835652.69736842,29944499.76973684,22480289.789473683,17255601.565789472,0.3346,11.25,983429.9631147541,136625.62704918033,151970.7868852459,145179.9631147541,165839.381147541,199319.14344262294,111115.93852459016,163674.99590163934,211575.13461538462,206199.11538461538,21992.0,2421.5,4594.25,5768.75,5876.25
중랑구,2021,한식음식점,1162153096.8423424,147104231.7927928,196870452.8963964,220483099.53153154,299632341.3108108,0.335,10.74,983429.9631147541,136625.62704918033,151970.7868852459,145179.9631147541,165839.381147541,199319.14344262294,111115.93852459016,163674.99590163934,211575.13461538462,206199.11538461538,21992.0,2421.5,4594.25,5768.75,5876.25
중랑구,2022,분식전문점,127036578.46979865,17353401.34899329,24121170.7852349,31369543.630872484,29823150.97986577,0.2638,10.06,944123.8975409836,130223.76229508196,147758.87295081967,140078.43032786885,160553.28278688525,190914.99180327868,106034.82786885246,157531.8606557377,228981.5576923077,221966.82692307694,21217.5,2197.25,4412.5,5660.75,5753.5
중랑구,2022,양식음식점,56403878.21428572,22284935.785714287,17258229.35714286,7778645.5,5129916.714285715,0.3748,14.46,944123.8975409836,130223.76229508196,147758.87295081967,140078.43032786885,160553.28278688525,190914.99180327868,106034.82786885246,157531.8606557377,228981.5576923077,221966.82692307694,21217.5,2197.25,4412.5,5660.75,5753.5
중랑구,2022,일식음식점,664538179.7777778,133064296.3888889,145350676.33333334,160509375.7777778,122140635.0,0.4371,7.43,944123.8975409836,130223.76229508196,147758.87295081967,140078.43032786885,160553.28278688525,190914.99180327868,106034.82786885246,157531.8606557377,228981.5576923077,221966.82692307694,21217.5,2197.25,4412.5,5660.75,5753.5
중랑구,2022,중식음식점,99777318.3,14699308.7,17207158.45,20677118.425,22160254.55,0.3592,8.33,944123.8975409836,130223.76229508196,147758.87295081967,140078.43032786885,160553.28278688525,190914.99180327868,106034.82786885246,157531.8606557377,228981.5576923077,221966.82692307694,21217.5,2197.25,4412.5,5660.75,5753.5
중랑구,2022,치킨전문점,72347357.37373738,8431266.747474747,12960646.838383839,16638702.95959596,19920902.858585857,0.3318,7.93,944123.8975409836,130223.76229508196,147758.87295081967,140078.43032786885,160553.28278688525,190914.99180327868,106034.82786885246,157531.8606557377,228981.5576923077,221966.82692307694,21217.5,2197.25,4412.5,5660.75,5753.5
중랑구,2022,커피-음료,127986598.37341772,32675321.310126584,32964160.974683546,24624568.46202532,21001507.120253164,0.3397,13.79,944123.8975409836,130223.76229508196,147758.87295081967,140078.43032786885,160553.28278688525,190914.99180327868,106034.82786885246,157531.8606557377,228981.5576923077,221966.82692307694,21217.5,2197.25,4412.5,5660.75,5753.5
중랑구,2022,한식음식점,1393768375.8899083,156789002.3119266,247355586.64220184,259022732.35321102,350643858.5229358,0.3449,10.88,944123.8975409836,130223.76229508196,147758.87295081967,140078.43032786885,160553.28278688525,190914.99180327868,106034.82786885246,157531.8606557377,228981.5576923077,221966.82692307694,21217.5,2197.25,4412.5,5660.75,5753.5
중랑구,2023,분식전문점,140054980.7638889,16331307.486111112,26345353.875,31216633.638888888,36562678.88194445,0.2713,8.31,922255.6762295082,127059.15163934426,146002.22540983607,137094.04098360657,155991.9836065574,186752.28278688525,102565.65163934426,153046.8319672131,243074.27564102566,235931.39743589744,20282.0,2010.5,4211.5,5443.0,5584.75
중랑구,2023,양식음식점,48832947.833333336,12907521.5,13861026.666666666,9471986.555555556,6819073.0,0.3618,6.02,922255.6762295082,127059.15163934426,146002.22540983607,137094.04098360657,155991.9836065574,186752.28278688525,102565.65163934426,153046.8319672131,243074.27564102566,235931.39743589744,20282.0,2010.5,4211.5,5443.0,5584.75
중랑구,2023,일식음식점,761341849.6666666,150692783.53333333,179464813.0,169000187.46666667,137160201.93333334,0.4052,9.74,922255.6762295082,127059.15163934426,146002.22540983607,137094.04098360657,155991.9836065574,186752.28278688525,102565.65163934426,153046.8319672131,243074.27564102566,235931.39743589744,20282.0,2010.5,4211.5,5443.0,5584.75
중랑구,2023,중식음식점,75945894.72916667,10517967.708333334,13585413.833333334,16255543.9375,16485826.875,0.3558,4.35,922255.6762295082,127059.15163934426,146002.22540983607,137094.04098360657,155991.9836065574,186752.28278688525,102565.65163934426,153046.8319672131,243074.27564102566,235931.39743589744,20282.0,2010.5,4211.5,5443.0,5584.75
중랑구,2023,치킨전문점,77174711.80412371,8666825.24742268,13304946.608247424,15633183.350515464,20541198.649484538,0.3461,6.57,922255.6762295082,127059.15163934426,146002.22540983607,137094.04098360657,155991.9836065574,186752.28278688525,102565.65163934426,153046.8319672131,243074.27564102566,235931.39743589744,20282.0,2010.5,4211.5,5443.0,5584.75
중랑구,2023,커피-음료,133168238.86585365,27216005.67073171,33176748.57926829,26028290.140243903,25490759.19512195,0.3456,14.55,922255.6762295082,127059.15163934426,146002.22540983607,137094.04098360657,155991.9836065574,186752.28278688525,102565.65163934426,153046.8319672131,243074.27564102566,235931.39743589744,20282.0,2010.5,4211.5,5443.0,5584.75
중랑구,2023,한식음식점,1536690692.9629629,152588775.3935185,273777915.5740741,274564402.7083333,376622423.6759259,0.3436,10.61,922255.6762295082,127059.15163934426,146002.22540983607,137094.04098360657,155991.9836065574,186752.28278688525,102565.65163934426,153046.8319672131,243074.27564102566,235931.39743589744,20282.0,2010.5,4211.5,5443.0,5584.75
중랑구,2024,분식전문점,140166262.1029412,13611449.904411765,25487834.18382353,30554671.036764707,37855760.52941176,0.2748,6.27,884102.5368852459,122466.10655737705,141809.22950819673,132093.06967213115,147557.65983606558,178934.79918032786,98242.75,147063.57786885247,246420.09615384616,239518.69871794872,19273.75,1789.5,3938.0,5182.5,5421.25
중랑구,2024,양식음식점,29285523.0,7370822.1,7964692.5,6861443.0,3937963.7,0.3827,10.23,884102.5368852459,122466.10655737705,141809.22950819673,132093.06967213115,147557.65983606558,178934.79918032786,98242.75,147063.57786885247,246420.09615384616,239518.69871794872,19273.75,1789.5,3938.0,5182.5,5421.25
중랑구,2024,일식음식점,609071115.0,126532109.31578948,142317328.10526314,123512662.15789473,111861512.26315789,0.3952,8.67,884102.5368852459,122466.10655737705,141809.22950819673,132093.06967213115,147557.65983606558,178934.79918032786,98242.75,147063.57786885247,246420.09615384616,239518.69871794872,19273.75,1789.5,3938.0,5182.5,5421.25
중랑구,2024,중식음식점,71400170.42553191,9627233.255319148,12404343.489361702,15268252.510638298,15463998.89361702,0.3361,10.0,884102.5368852459,122466.10655737705,141809.22950819673,132093.06967213115,147557.65983606558,178934.79918032786,98242.75,147063.57786885247,246420.09615384616,239518.69871794872,19273.75,1789.5,3938.0,5182.5,5421.25
중랑구,2024,치킨전문점,69312716.07291667,6365019.947916667,12641190.59375,13619546.072916666,18228166.875,0.3368,4.53,884102.5368852459,122466.10655737705,141809.22950819673,132093.06967213115,147557.65983606558,178934.79918032786,98242.75,147063.57786885247,246420.09615384616,239518.69871794872,19273.75,1789.5,3938.0,5182.5,5421.25
중랑구,2024,커피-음료,144269839.4556962,25610328.892405063,35908941.41772152,28576614.03797468,26783961.16455696,0.3361,10.22,884102.5368852459,122466.10655737705,141809.22950819673,132093.06967213115,147557.65983606558,178934.79918032786,98242.75,147063.57786885247,246420.09615384616,239518.69871794872,19273.75,1789.5,3938.0,5182.5,5421.25
중랑구,2024,한식음식점,1572652884.2916667,147789197.49537036,292173031.5462963,271749438.1342593,367617102.0462963,0.3363,9.93,884102.5368852459,122466.10655737705,141809.22950819673,132093.06967213115,147557.65983606558,178934.79918032786,98242.75,147063.57786885247,246420.09615384616,239518.69871794872,19273.75,1789.5,3938.0,5182.5,5421.25
